{"stat.walkOneCm":14243,"stat.leaveGame":6,"stat.pickup.toughasnails.purified_water_bottle":3,"stat.useItem.minecraft.potion":1,"stat.pickup.minecraft.log":4,"stat.pickup.mw.m1911":1,"stat.jump":93,"stat.fallOneCm":1579,"stat.pickup.firstaid.bandage":8,"stat.sprintOneCm":14673,"stat.pickup.minecraft.cooked_beef":32,"stat.pickup.mw.m45a1mag_2":2,"stat.pickup.minecraft.potion":1,"stat.mineBlock.minecraft.log":4,"stat.pickup.mw.bullet45acp":32,"stat.flyOneCm":16917,"stat.mineBlock.minecraft.leaves":3,"stat.playOneMinute":14735,"stat.useItem.minecraft.cooked_beef":1,"stat.damageDealt":19,"stat.killEntity.Zombie":1,"stat.timeSinceDeath":14735}