{"stat.chestOpened":4,"stat.walkOneCm":180846,"stat.pickup.minecraft.wooden_slab":2,"stat.pickup.minecraft.sign":3,"stat.leaveGame":7,"stat.drop.mw.bullet45acp":11,"stat.pickup.toughasnails.purified_water_bottle":3,"stat.useItem.minecraft.glass_bottle":22,"stat.useItem.minecraft.log":1,"stat.pickup.minecraft.stone_pickaxe":1,"stat.pickup.minecraft.stone_axe":1,"stat.furnaceInteraction":1,"stat.pickup.srparasites.lurecomponent1":3,"stat.talkedToVillager":3,"stat.useItem.minecraft.potion":23,"stat.pickup.minecraft.log":4,"stat.pickup.mw.vss_vintorez":1,"stat.pickup.mw.m1911":3,"stat.jump":1422,"stat.swimOneCm":16774,"stat.useItem.minecraft.sand":10,"stat.pickup.minecraft.fence":4,"stat.fallOneCm":42418,"stat.useItem.minecraft.planks":13,"stat.climbOneCm":2349,"stat.pickup.minecraft.furnace":1,"stat.pickup.firstaid.bandage":19,"stat.useItem.minecraft.stone_axe":4,"stat.crouchOneCm":1872,"stat.pickup.minecraft.sandstone_stairs":1,"stat.useItem.minecraft.stained_hardened_clay":9,"stat.pickup.minecraft.dirt":16,"stat.useItem.minecraft.dirt":15,"stat.sprintOneCm":111562,"stat.pickup.minecraft.wooden_door":1,"stat.killEntity.bandit1":2,"stat.useItem.minecraft.stone_slab2":5,"stat.pickup.minecraft.cooked_beef":64,"stat.pickup.minecraft.ladder":1,"stat.entityKilledBy.bandit1":3,"stat.pickup.mw.m45a1mag_2":2,"stat.craftingTableInteraction":6,"stat.pickup.minecraft.acacia_door":2,"stat.pickup.minecraft.sand":12,"stat.craftItem.minecraft.planks":12,"stat.pickup.mw.bullet9x19mm":32,"stat.pickup.minecraft.potion":1,"stat.useItem.minecraft.egg":2,"stat.pickup.minecraft.anvil":3,"stat.damageTaken":4121,"stat.pickup.minecraft.stone_sword":1,"stat.mineBlock.minecraft.furnace":1,"stat.mobKills":8,"stat.mineBlock.minecraft.wooden_slab":2,"stat.mineBlock.minecraft.log":4,"stat.entityKilledBy.Creeper":1,"stat.pickup.minecraft.planks":2,"stat.pickup.mw.bullet45acp":32,"stat.useItem.minecraft.anvil":1,"stat.flyOneCm":185218,"stat.pickup.minecraft.bed":1,"stat.deaths":13,"stat.mineBlock.minecraft.planks":2,"stat.pickup.minecraft.sandstone":3,"stat.pickup.minecraft.wheat_seeds":2,"stat.drop":1,"stat.mineBlock.minecraft.leaves":3,"stat.pickup.minecraft.egg":3,"stat.useItem.mw.m1911":4,"stat.mineBlock.minecraft.sand":2,"stat.playOneMinute":72536,"stat.entityKilledBy.Zombie":1,"stat.pickup.minecraft.torch":1,"stat.useItem.minecraft.stone_pickaxe":1,"stat.useItem.minecraft.cooked_beef":4,"stat.sneakTime":564,"stat.useItem.minecraft.stone_sword":7,"stat.pickup.minecraft.rabbit":1,"stat.damageDealt":693,"stat.killEntity.Rabbit":1,"stat.killEntity.Zombie":2,"stat.timeSinceDeath":7432,"stat.pickup.minecraft.stained_hardened_clay":11,"stat.mineBlock.minecraft.tallgrass":3,"stat.diveOneCm":4440,"stat.pickup.mw.remington870":1,"stat.useItem.minecraft.sandstone":2}