{"stat.pickup.minecraft.wooden_slab":350,"stat.craftItem.mw.steeldust":1,"stat.leaveGame":15,"stat.pickup.toughasnails.purified_water_bottle":3,"stat.craftItem.minecraft.iron_axe":1,"stat.pickup.tconstruct.edible":2,"stat.mineBlock.minecraft.sandstone":11,"stat.pickup.mw.m1911":4,"stat.mineBlock.minecraft.stained_glass":2,"stat.useItem.minecraft.planks":19,"stat.craftItem.minecraft.shield":1,"stat.mineBlock.minecraft.web":4,"stat.pickup.firstaid.bandage":23,"stat.pickup.tconstruct.slimesling":1,"stat.entityKilledBy.bandit1":6,"stat.useItem.minecraft.water_bucket":36,"stat.pickup.minecraft.rotten_flesh":120,"stat.pickup.minecraft.sand":45,"stat.pickup.mw.leadore":23,"stat.mineBlock.minecraft.wooden_slab":8,"stat.useItem.minecraft.anvil":1,"stat.mineBlock.minecraft.sand":22,"stat.craftItem.mw.copperingot":34,"stat.craftItem.mw.tiningot":24,"stat.useItem.minecraft.iron_pickaxe":535,"stat.pickup.minecraft.stained_hardened_clay":158,"stat.mineBlock.mw.copperore":52,"stat.mineBlock.mw.graphiteore":6,"stat.furnaceInteraction":185,"stat.craftItem.spartanweaponry.material":2,"stat.killEntity.ZombieVillager":2,"stat.pickup.srparasites.lurecomponent1":738,"stat.pickup.mw.vss_vintorez":2,"stat.pickup.minecraft.furnace":22625,"stat.mineBlock.minecraft.stained_hardened_clay":4,"stat.craftItem.minecraft.gunpowder":35,"stat.drop.minecraft.furnace":61,"stat.pickup.minecraft.acacia_door":2,"stat.pickup.mw.bullet9x19mm":32,"stat.pickup.minecraft.potion":1,"stat.craftItem.toughasnails.purified_water_bottle":23,"stat.craftItem.mw.shotgun12gauge":120,"stat.deaths":27,"stat.pickup.minecraft.egg":10,"stat.playOneMinute":267149,"stat.craftItem.minecraft.iron_pickaxe":3,"stat.mineBlock.minecraft.brown_mushroom_block":1,"stat.mineBlock.minecraft.tallgrass":12,"stat.chestOpened":21,"stat.useItem.minecraft.cooked_rabbit":1,"stat.drop.srparasites.lurecomponent1":7,"stat.useItem.minecraft.stone":24,"stat.drop.mw.bullet45acp":11,"stat.pickup.minecraft.arrow":1,"stat.drop.minecraft.iron_pickaxe":1,"stat.fallOneCm":93981,"stat.drop.minecraft.stone":1,"stat.pickup.minecraft.carrot":1,"stat.crouchOneCm":3967,"stat.craftItem.minecraft.iron_ingot":56,"stat.craftItem.minecraft.chest":1,"stat.pickup.mw.m45a1mag_2":5,"stat.craftingTableInteraction":38,"stat.mineBlock.minecraft.log2":6,"stat.useItem.minecraft.furnace":10,"stat.pickup.minecraft.planks":3,"stat.pickup.minecraft.wheat_seeds":166,"stat.mineBlock.minecraft.gravel":3,"stat.useItem.minecraft.stone_pickaxe":87,"stat.useItem.minecraft.stone_sword":7,"stat.craftItem.minecraft.iron_leggings":1,"stat.killEntity.Rabbit":1,"stat.mineBlock.minecraft.dirt":4,"stat.pickup.mw.remington870":3,"stat.useItem.minecraft.torch":73,"stat.useItem.minecraft.bread":1,"stat.pickup.mw.copperore":261,"stat.useItem.minecraft.log":1,"stat.pickup.minecraft.crafting_table":6,"stat.useItem.minecraft.cobblestone":98,"stat.craftItem.minecraft.crafting_table":3,"stat.pickup.minecraft.log":14,"stat.pickup.minecraft.iron_pickaxe":1,"stat.pickup.minecraft.sapling":3,"stat.pickup.minecraft.wooden_door":198,"stat.craftItem.mw.bullet9x19mm":112,"stat.craftItem.minecraft.planks":64,"stat.pickup.mw.tinore":24,"stat.useItem.spartanweaponry.katana_iron":11,"stat.useItem.spartanweaponry.lance_iron":3,"stat.pickup.minecraft.stone_sword":1,"stat.pickup.minecraft.book":9,"stat.mineBlock.minecraft.log":15,"stat.pickup.tconstruct.slime_boots":1,"stat.sneakTime":2259,"stat.pickup.minecraft.wool":7,"stat.pickup.minecraft.rabbit":1,"stat.drop.mw.bullet9x19mm":1,"stat.pickup.minecraft.stone_slab":1,"stat.craftItem.mw.leadingot":22,"stat.pickup.minecraft.bone":1,"stat.pickup.mw.graphitechunk":6,"stat.useItem.minecraft.iron_axe":7,"stat.mineBlock.minecraft.cobblestone":11,"stat.pickup.minecraft.stone_pickaxe":1,"stat.craftItem.spartanweaponry.saber_lead":1,"stat.mineBlock.minecraft.stained_glass_pane":4,"stat.pickup.mw.sulfurdust":326,"stat.swimOneCm":126128,"stat.climbOneCm":17155,"stat.mineBlock.mw.sulfurore":68,"stat.useItem.minecraft.dirt":16,"stat.useItem.minecraft.stone_slab2":63,"stat.craftItem.minecraft.furnace":1,"stat.pickup.minecraft.cooked_rabbit":123,"stat.useItem.minecraft.egg":5,"stat.pickup.minecraft.enchanting_table":1,"stat.craftItem.minecraft.iron_boots":1,"stat.pickup.minecraft.anvil":3,"stat.pickup.minecraft.cobblestone":1584,"stat.mineBlock.minecraft.carpet":1,"stat.pickup.mw.bullet45acp":64,"stat.flyOneCm":736067,"stat.craftItem.minecraft.glass_bottle":15,"stat.pickup.minecraft.sandstone":625,"stat.drop.minecraft.wheat_seeds":1,"stat.useItem.minecraft.cooked_beef":9,"stat.mineBlock.mw.tinore":24,"stat.mineBlock.minecraft.iron_ore":59,"stat.timeSinceDeath":2783,"stat.useItem.minecraft.sign":2,"stat.pickup.travelersbackpack.travelers_backpack":8,"stat.pickup.minecraft.dark_oak_door":149,"stat.pickup.minecraft.stonebrick":3,"stat.mineBlock.minecraft.enchanting_table":1,"stat.pickup.minecraft.carpet":312,"stat.mineBlock.minecraft.coal_ore":165,"stat.killEntity.Creeper":1,"stat.talkedToVillager":3,"stat.drop.mw.m1911":1,"stat.pickup.minecraft.string":6,"stat.mineBlock.minecraft.ladder":1,"stat.entityKilledBy.Skeleton":1,"stat.craftItem.minecraft.stone_slab2":0,"stat.pickup.minecraft.sandstone_stairs":1,"stat.craftItem.tconstruct.tooltables":1,"stat.sprintOneCm":350462,"stat.mineBlock.minecraft.stone_slab":1,"stat.craftItem.minecraft.stick":36,"stat.useItem.mw.m45a1mag_2":8,"stat.mineBlock.minecraft.crafting_table":2,"stat.entityKilledBy.Creeper":1,"stat.mineBlock.minecraft.planks":3,"stat.drop":12,"stat.craftItem.mw.bullet45acp":96,"stat.useItem.minecraft.ladder":3,"stat.killEntity.Zombie":18,"stat.diveOneCm":45185,"stat.pickup.minecraft.wheat":45,"stat.pickup.minecraft.sign":3,"stat.pickup.minecraft.gravel":636,"stat.useItem.minecraft.glass_bottle":150,"stat.pickup.minecraft.stone_axe":1,"stat.useItem.spartanweaponry.saber_lead":32,"stat.useItem.minecraft.potion":127,"stat.jump":4134,"stat.useItem.minecraft.sand":12,"stat.pickup.minecraft.fence":4,"stat.pickup.minecraft.coal":43862,"stat.pickup.minecraft.iron_ingot":4,"stat.useItem.minecraft.stone_axe":30,"stat.pickup.minecraft.spider_eye":1,"stat.craftItem.minecraft.torch":80,"stat.pickup.minecraft.dirt":19,"stat.craftItem.minecraft.iron_helmet":1,"stat.killEntity.bandit1":2,"stat.mineBlock.mw.leadore":23,"stat.pickup.minecraft.iron_ore":481,"stat.mineBlock.minecraft.leaves2":2,"stat.mineBlock.minecraft.glass_pane":4,"stat.damageTaken":7366,"stat.mineBlock.minecraft.furnace":9,"stat.mineBlock.minecraft.torch":10,"stat.killEntity.tconstruct.blueslime":2,"stat.pickup.srparasites.assimilated_flesh":86,"stat.pickup.minecraft.log2":6,"stat.pickup.minecraft.reeds":7,"stat.pickup.minecraft.bed":5,"stat.useItem.mw.m1911":4,"stat.pickup.minecraft.potato":4,"stat.entityKilledBy.Zombie":2,"stat.damageDealt":3791,"stat.craftItem.minecraft.glass":32,"stat.walkOneCm":662426,"stat.playerKills":1,"stat.pickup.minecraft.stick":6,"stat.pickup.minecraft.tnt":178,"stat.pickup.minecraft.stone":1219,"stat.craftItem.minecraft.iron_chestplate":1,"stat.useItem.minecraft.stained_hardened_clay":18,"stat.pickup.minecraft.cooked_beef":64,"stat.pickup.minecraft.ladder":146,"stat.killEntity.Skeleton":1,"stat.mineBlock.minecraft.stonebrick":4,"stat.killEntity.Spider":1,"stat.pickup.minecraft.bread":152,"stat.mobKills":50,"stat.mineBlock.minecraft.bookshelf":3,"stat.craftItem.minecraft.shears":1,"stat.pickup.minecraft.water_bucket":2,"stat.mineBlock.minecraft.leaves":8,"stat.pickup.minecraft.torch":14,"stat.mineBlock.minecraft.stone":171,"stat.useItem.minecraft.sandstone":8}