{"stat.craftItem.mw.leadingot":22,"stat.pickup.minecraft.bone":1,"stat.pickup.minecraft.wooden_slab":350,"stat.pickup.mw.graphitechunk":6,"stat.leaveGame":13,"stat.pickup.toughasnails.purified_water_bottle":3,"stat.mineBlock.minecraft.cobblestone":7,"stat.pickup.minecraft.stone_pickaxe":1,"stat.craftItem.minecraft.iron_axe":1,"stat.craftItem.spartanweaponry.saber_lead":1,"stat.mineBlock.minecraft.sandstone":11,"stat.mineBlock.minecraft.stained_glass_pane":2,"stat.pickup.mw.sulfurdust":280,"stat.pickup.mw.m1911":3,"stat.mineBlock.minecraft.stained_glass":2,"stat.swimOneCm":118820,"stat.useItem.minecraft.planks":19,"stat.climbOneCm":15453,"stat.craftItem.minecraft.shield":1,"stat.mineBlock.mw.sulfurore":22,"stat.pickup.firstaid.bandage":19,"stat.useItem.minecraft.dirt":15,"stat.useItem.minecraft.stone_slab2":45,"stat.entityKilledBy.bandit1":5,"stat.useItem.minecraft.water_bucket":32,"stat.pickup.minecraft.rotten_flesh":116,"stat.pickup.minecraft.sand":45,"stat.craftItem.minecraft.furnace":1,"stat.pickup.minecraft.cooked_rabbit":123,"stat.useItem.minecraft.egg":3,"stat.craftItem.minecraft.iron_boots":1,"stat.pickup.minecraft.anvil":3,"stat.pickup.mw.leadore":22,"stat.pickup.minecraft.cobblestone":1499,"stat.mineBlock.minecraft.wooden_slab":8,"stat.mineBlock.minecraft.carpet":1,"stat.pickup.mw.bullet45acp":32,"stat.useItem.minecraft.anvil":1,"stat.flyOneCm":480413,"stat.craftItem.minecraft.glass_bottle":15,"stat.pickup.minecraft.sandstone":625,"stat.mineBlock.minecraft.sand":22,"stat.drop.minecraft.wheat_seeds":1,"stat.useItem.minecraft.cooked_beef":8,"stat.craftItem.mw.copperingot":7,"stat.mineBlock.mw.tinore":24,"stat.craftItem.mw.tiningot":24,"stat.mineBlock.minecraft.iron_ore":59,"stat.timeSinceDeath":17642,"stat.useItem.minecraft.iron_pickaxe":398,"stat.useItem.minecraft.sign":2,"stat.pickup.minecraft.stained_hardened_clay":158,"stat.pickup.travelersbackpack.travelers_backpack":5,"stat.mineBlock.mw.copperore":7,"stat.pickup.minecraft.dark_oak_door":149,"stat.mineBlock.mw.graphiteore":6,"stat.furnaceInteraction":142,"stat.craftItem.spartanweaponry.material":2,"stat.pickup.minecraft.carpet":312,"stat.killEntity.ZombieVillager":1,"stat.mineBlock.minecraft.coal_ore":165,"stat.pickup.srparasites.lurecomponent1":735,"stat.talkedToVillager":3,"stat.pickup.minecraft.string":2,"stat.pickup.mw.vss_vintorez":1,"stat.mineBlock.minecraft.ladder":1,"stat.pickup.minecraft.furnace":22625,"stat.entityKilledBy.Skeleton":1,"stat.craftItem.minecraft.stone_slab2":0,"stat.pickup.minecraft.sandstone_stairs":1,"stat.craftItem.tconstruct.tooltables":1,"stat.mineBlock.minecraft.stained_hardened_clay":4,"stat.sprintOneCm":276719,"stat.craftItem.minecraft.gunpowder":9,"stat.craftItem.minecraft.stick":20,"stat.drop.minecraft.furnace":61,"stat.pickup.minecraft.acacia_door":2,"stat.useItem.mw.m45a1mag_2":6,"stat.pickup.mw.bullet9x19mm":32,"stat.pickup.minecraft.potion":1,"stat.craftItem.toughasnails.purified_water_bottle":20,"stat.mineBlock.minecraft.crafting_table":2,"stat.entityKilledBy.Creeper":1,"stat.deaths":20,"stat.mineBlock.minecraft.planks":3,"stat.drop":8,"stat.pickup.minecraft.egg":8,"stat.playOneMinute":204226,"stat.useItem.minecraft.ladder":3,"stat.craftItem.minecraft.iron_pickaxe":2,"stat.killEntity.Zombie":16,"stat.mineBlock.minecraft.tallgrass":6,"stat.diveOneCm":40081,"stat.pickup.minecraft.wheat":45,"stat.chestOpened":14,"stat.useItem.minecraft.cooked_rabbit":1,"stat.drop.srparasites.lurecomponent1":6,"stat.pickup.minecraft.sign":3,"stat.useItem.minecraft.stone":11,"stat.drop.mw.bullet45acp":11,"stat.pickup.minecraft.gravel":538,"stat.pickup.minecraft.arrow":1,"stat.useItem.minecraft.glass_bottle":144,"stat.pickup.minecraft.stone_axe":1,"stat.useItem.spartanweaponry.saber_lead":17,"stat.useItem.minecraft.potion":124,"stat.jump":3199,"stat.useItem.minecraft.sand":12,"stat.pickup.minecraft.fence":4,"stat.pickup.minecraft.coal":43862,"stat.fallOneCm":69206,"stat.pickup.minecraft.iron_ingot":3,"stat.drop.minecraft.stone":1,"stat.useItem.minecraft.stone_axe":30,"stat.crouchOneCm":2964,"stat.pickup.minecraft.spider_eye":1,"stat.craftItem.minecraft.torch":48,"stat.craftItem.minecraft.iron_ingot":56,"stat.pickup.minecraft.dirt":17,"stat.craftItem.minecraft.iron_helmet":1,"stat.killEntity.bandit1":2,"stat.mineBlock.mw.leadore":22,"stat.pickup.mw.m45a1mag_2":2,"stat.craftingTableInteraction":31,"stat.pickup.minecraft.iron_ore":481,"stat.mineBlock.minecraft.leaves2":2,"stat.mineBlock.minecraft.log2":6,"stat.damageTaken":6006,"stat.mineBlock.minecraft.furnace":9,"stat.mineBlock.minecraft.torch":10,"stat.useItem.minecraft.furnace":10,"stat.pickup.minecraft.log2":6,"stat.pickup.minecraft.planks":3,"stat.pickup.minecraft.reeds":7,"stat.pickup.minecraft.bed":5,"stat.pickup.minecraft.wheat_seeds":166,"stat.useItem.mw.m1911":4,"stat.pickup.minecraft.potato":4,"stat.entityKilledBy.Zombie":2,"stat.mineBlock.minecraft.gravel":3,"stat.useItem.minecraft.stone_pickaxe":87,"stat.useItem.minecraft.stone_sword":7,"stat.craftItem.minecraft.iron_leggings":1,"stat.damageDealt":2987,"stat.killEntity.Rabbit":1,"stat.craftItem.minecraft.glass":32,"stat.mineBlock.minecraft.dirt":1,"stat.pickup.mw.remington870":1,"stat.walkOneCm":525607,"stat.useItem.minecraft.torch":56,"stat.useItem.minecraft.bread":1,"stat.pickup.mw.copperore":7,"stat.useItem.minecraft.log":1,"stat.pickup.minecraft.crafting_table":6,"stat.useItem.minecraft.cobblestone":85,"stat.craftItem.minecraft.crafting_table":2,"stat.pickup.minecraft.log":9,"stat.pickup.minecraft.stone":1059,"stat.craftItem.minecraft.iron_chestplate":1,"stat.useItem.minecraft.stained_hardened_clay":18,"stat.pickup.minecraft.sapling":3,"stat.pickup.minecraft.wooden_door":198,"stat.pickup.minecraft.cooked_beef":64,"stat.pickup.minecraft.ladder":146,"stat.craftItem.mw.bullet9x19mm":112,"stat.killEntity.Skeleton":1,"stat.craftItem.minecraft.planks":56,"stat.pickup.mw.tinore":24,"stat.useItem.spartanweaponry.katana_iron":11,"stat.killEntity.Spider":1,"stat.useItem.spartanweaponry.lance_iron":3,"stat.pickup.minecraft.stone_sword":1,"stat.pickup.minecraft.bread":152,"stat.mobKills":37,"stat.pickup.minecraft.book":9,"stat.mineBlock.minecraft.log":9,"stat.mineBlock.minecraft.bookshelf":3,"stat.pickup.minecraft.water_bucket":1,"stat.mineBlock.minecraft.leaves":5,"stat.pickup.minecraft.torch":12,"stat.sneakTime":1117,"stat.pickup.minecraft.rabbit":1,"stat.mineBlock.minecraft.stone":141,"stat.useItem.minecraft.sandstone":8}