{"stat.walkOneCm":33905,"stat.leaveGame":6,"stat.pickup.toughasnails.purified_water_bottle":3,"stat.useItem.minecraft.glass_bottle":3,"stat.talkedToVillager":3,"stat.useItem.minecraft.potion":4,"stat.pickup.minecraft.log":4,"stat.pickup.mw.m1911":1,"stat.jump":285,"stat.swimOneCm":1016,"stat.fallOneCm":6381,"stat.pickup.firstaid.bandage":11,"stat.crouchOneCm":1098,"stat.sprintOneCm":33600,"stat.pickup.minecraft.cooked_beef":32,"stat.pickup.mw.m45a1mag_2":2,"stat.craftingTableInteraction":6,"stat.pickup.minecraft.potion":1,"stat.pickup.minecraft.anvil":3,"stat.damageTaken":382,"stat.mineBlock.minecraft.log":4,"stat.pickup.mw.bullet45acp":32,"stat.useItem.minecraft.anvil":1,"stat.flyOneCm":45708,"stat.mineBlock.minecraft.leaves":3,"stat.playOneMinute":24434,"stat.useItem.minecraft.cooked_beef":1,"stat.sneakTime":318,"stat.damageDealt":24,"stat.killEntity.Zombie":1,"stat.timeSinceDeath":24434,"stat.mineBlock.minecraft.tallgrass":1,"stat.diveOneCm":508}