{"stat.pickup.minecraft.wooden_slab":350,"stat.craftItem.mw.steeldust":1,"stat.leaveGame":14,"stat.pickup.toughasnails.purified_water_bottle":3,"stat.craftItem.minecraft.iron_axe":1,"stat.mineBlock.minecraft.sandstone":11,"stat.pickup.mw.m1911":4,"stat.mineBlock.minecraft.stained_glass":2,"stat.useItem.minecraft.planks":19,"stat.craftItem.minecraft.shield":1,"stat.pickup.firstaid.bandage":19,"stat.entityKilledBy.bandit1":5,"stat.useItem.minecraft.water_bucket":33,"stat.pickup.minecraft.rotten_flesh":118,"stat.pickup.minecraft.sand":45,"stat.pickup.mw.leadore":23,"stat.mineBlock.minecraft.wooden_slab":8,"stat.useItem.minecraft.anvil":1,"stat.mineBlock.minecraft.sand":22,"stat.craftItem.mw.copperingot":19,"stat.craftItem.mw.tiningot":24,"stat.useItem.minecraft.iron_pickaxe":430,"stat.pickup.minecraft.stained_hardened_clay":158,"stat.mineBlock.mw.copperore":19,"stat.mineBlock.mw.graphiteore":6,"stat.furnaceInteraction":159,"stat.craftItem.spartanweaponry.material":2,"stat.killEntity.ZombieVillager":1,"stat.pickup.srparasites.lurecomponent1":735,"stat.pickup.mw.vss_vintorez":2,"stat.pickup.minecraft.furnace":22625,"stat.mineBlock.minecraft.stained_hardened_clay":4,"stat.craftItem.minecraft.gunpowder":20,"stat.drop.minecraft.furnace":61,"stat.pickup.minecraft.acacia_door":2,"stat.pickup.mw.bullet9x19mm":32,"stat.pickup.minecraft.potion":1,"stat.craftItem.toughasnails.purified_water_bottle":20,"stat.deaths":22,"stat.pickup.minecraft.egg":8,"stat.playOneMinute":228079,"stat.craftItem.minecraft.iron_pickaxe":2,"stat.mineBlock.minecraft.tallgrass":6,"stat.chestOpened":16,"stat.useItem.minecraft.cooked_rabbit":1,"stat.drop.srparasites.lurecomponent1":6,"stat.useItem.minecraft.stone":15,"stat.drop.mw.bullet45acp":11,"stat.pickup.minecraft.arrow":1,"stat.fallOneCm":72787,"stat.drop.minecraft.stone":1,"stat.crouchOneCm":3772,"stat.craftItem.minecraft.iron_ingot":56,"stat.craftItem.minecraft.chest":1,"stat.pickup.mw.m45a1mag_2":5,"stat.craftingTableInteraction":37,"stat.mineBlock.minecraft.log2":6,"stat.useItem.minecraft.furnace":10,"stat.pickup.minecraft.planks":3,"stat.pickup.minecraft.wheat_seeds":166,"stat.mineBlock.minecraft.gravel":3,"stat.useItem.minecraft.stone_pickaxe":87,"stat.useItem.minecraft.stone_sword":7,"stat.craftItem.minecraft.iron_leggings":1,"stat.killEntity.Rabbit":1,"stat.mineBlock.minecraft.dirt":2,"stat.pickup.mw.remington870":2,"stat.useItem.minecraft.torch":56,"stat.useItem.minecraft.bread":1,"stat.pickup.mw.copperore":19,"stat.useItem.minecraft.log":1,"stat.pickup.minecraft.crafting_table":6,"stat.useItem.minecraft.cobblestone":95,"stat.craftItem.minecraft.crafting_table":2,"stat.pickup.minecraft.log":9,"stat.pickup.minecraft.sapling":3,"stat.pickup.minecraft.wooden_door":198,"stat.craftItem.mw.bullet9x19mm":112,"stat.craftItem.minecraft.planks":56,"stat.pickup.mw.tinore":24,"stat.useItem.spartanweaponry.katana_iron":11,"stat.useItem.spartanweaponry.lance_iron":3,"stat.pickup.minecraft.stone_sword":1,"stat.pickup.minecraft.book":9,"stat.mineBlock.minecraft.log":9,"stat.sneakTime":1944,"stat.pickup.minecraft.rabbit":1,"stat.drop.mw.bullet9x19mm":1,"stat.craftItem.mw.leadingot":22,"stat.pickup.minecraft.bone":1,"stat.pickup.mw.graphitechunk":6,"stat.mineBlock.minecraft.cobblestone":8,"stat.pickup.minecraft.stone_pickaxe":1,"stat.craftItem.spartanweaponry.saber_lead":1,"stat.mineBlock.minecraft.stained_glass_pane":2,"stat.pickup.mw.sulfurdust":287,"stat.swimOneCm":119176,"stat.climbOneCm":15453,"stat.mineBlock.mw.sulfurore":29,"stat.useItem.minecraft.dirt":15,"stat.useItem.minecraft.stone_slab2":50,"stat.craftItem.minecraft.furnace":1,"stat.pickup.minecraft.cooked_rabbit":123,"stat.useItem.minecraft.egg":3,"stat.craftItem.minecraft.iron_boots":1,"stat.pickup.minecraft.anvil":3,"stat.pickup.minecraft.cobblestone":1514,"stat.mineBlock.minecraft.carpet":1,"stat.pickup.mw.bullet45acp":64,"stat.flyOneCm":496455,"stat.craftItem.minecraft.glass_bottle":15,"stat.pickup.minecraft.sandstone":625,"stat.drop.minecraft.wheat_seeds":1,"stat.useItem.minecraft.cooked_beef":8,"stat.mineBlock.mw.tinore":24,"stat.mineBlock.minecraft.iron_ore":59,"stat.timeSinceDeath":9714,"stat.useItem.minecraft.sign":2,"stat.pickup.travelersbackpack.travelers_backpack":7,"stat.pickup.minecraft.dark_oak_door":149,"stat.pickup.minecraft.carpet":312,"stat.mineBlock.minecraft.coal_ore":165,"stat.talkedToVillager":3,"stat.drop.mw.m1911":1,"stat.pickup.minecraft.string":2,"stat.mineBlock.minecraft.ladder":1,"stat.entityKilledBy.Skeleton":1,"stat.craftItem.minecraft.stone_slab2":0,"stat.pickup.minecraft.sandstone_stairs":1,"stat.craftItem.tconstruct.tooltables":1,"stat.sprintOneCm":287343,"stat.craftItem.minecraft.stick":20,"stat.useItem.mw.m45a1mag_2":6,"stat.mineBlock.minecraft.crafting_table":2,"stat.entityKilledBy.Creeper":1,"stat.mineBlock.minecraft.planks":3,"stat.drop":10,"stat.craftItem.mw.bullet45acp":96,"stat.useItem.minecraft.ladder":3,"stat.killEntity.Zombie":17,"stat.diveOneCm":41884,"stat.pickup.minecraft.wheat":45,"stat.pickup.minecraft.sign":3,"stat.pickup.minecraft.gravel":538,"stat.useItem.minecraft.glass_bottle":148,"stat.pickup.minecraft.stone_axe":1,"stat.useItem.spartanweaponry.saber_lead":23,"stat.useItem.minecraft.potion":127,"stat.jump":3338,"stat.useItem.minecraft.sand":12,"stat.pickup.minecraft.fence":4,"stat.pickup.minecraft.coal":43862,"stat.pickup.minecraft.iron_ingot":3,"stat.useItem.minecraft.stone_axe":30,"stat.pickup.minecraft.spider_eye":1,"stat.craftItem.minecraft.torch":48,"stat.pickup.minecraft.dirt":17,"stat.craftItem.minecraft.iron_helmet":1,"stat.killEntity.bandit1":2,"stat.mineBlock.mw.leadore":23,"stat.pickup.minecraft.iron_ore":481,"stat.mineBlock.minecraft.leaves2":2,"stat.damageTaken":6371,"stat.mineBlock.minecraft.furnace":9,"stat.mineBlock.minecraft.torch":10,"stat.pickup.srparasites.assimilated_flesh":1,"stat.pickup.minecraft.log2":6,"stat.pickup.minecraft.reeds":7,"stat.pickup.minecraft.bed":5,"stat.useItem.mw.m1911":4,"stat.pickup.minecraft.potato":4,"stat.entityKilledBy.Zombie":2,"stat.damageDealt":3426,"stat.craftItem.minecraft.glass":32,"stat.walkOneCm":567932,"stat.pickup.minecraft.stone":1064,"stat.craftItem.minecraft.iron_chestplate":1,"stat.useItem.minecraft.stained_hardened_clay":18,"stat.pickup.minecraft.cooked_beef":64,"stat.pickup.minecraft.ladder":146,"stat.killEntity.Skeleton":1,"stat.killEntity.Spider":1,"stat.pickup.minecraft.bread":152,"stat.mobKills":39,"stat.mineBlock.minecraft.bookshelf":3,"stat.pickup.minecraft.water_bucket":2,"stat.mineBlock.minecraft.leaves":5,"stat.pickup.minecraft.torch":13,"stat.mineBlock.minecraft.stone":150,"stat.useItem.minecraft.sandstone":8}