{"stat.pickup.minecraft.bone":1,"stat.pickup.minecraft.wooden_slab":2,"stat.leaveGame":8,"stat.pickup.toughasnails.purified_water_bottle":3,"stat.pickup.minecraft.stone_pickaxe":1,"stat.mineBlock.minecraft.sandstone":10,"stat.pickup.mw.m1911":3,"stat.mineBlock.minecraft.stained_glass":2,"stat.swimOneCm":22633,"stat.useItem.minecraft.planks":13,"stat.climbOneCm":9781,"stat.pickup.firstaid.bandage":19,"stat.useItem.minecraft.dirt":15,"stat.useItem.minecraft.stone_slab2":7,"stat.entityKilledBy.bandit1":3,"stat.useItem.minecraft.water_bucket":3,"stat.pickup.minecraft.sand":13,"stat.useItem.minecraft.egg":2,"stat.pickup.minecraft.anvil":3,"stat.mineBlock.minecraft.wooden_slab":2,"stat.pickup.mw.bullet45acp":32,"stat.useItem.minecraft.anvil":1,"stat.flyOneCm":213165,"stat.pickup.minecraft.sandstone":13,"stat.mineBlock.minecraft.sand":3,"stat.useItem.minecraft.cooked_beef":4,"stat.timeSinceDeath":2656,"stat.pickup.minecraft.stained_hardened_clay":17,"stat.furnaceInteraction":1,"stat.pickup.srparasites.lurecomponent1":6,"stat.talkedToVillager":3,"stat.pickup.minecraft.string":2,"stat.pickup.mw.vss_vintorez":1,"stat.mineBlock.minecraft.ladder":1,"stat.pickup.minecraft.furnace":1,"stat.entityKilledBy.Skeleton":1,"stat.pickup.minecraft.sandstone_stairs":1,"stat.mineBlock.minecraft.stained_hardened_clay":1,"stat.sprintOneCm":131661,"stat.pickup.minecraft.acacia_door":2,"stat.pickup.mw.bullet9x19mm":32,"stat.pickup.minecraft.potion":1,"stat.entityKilledBy.Creeper":1,"stat.deaths":15,"stat.mineBlock.minecraft.planks":2,"stat.drop":1,"stat.pickup.minecraft.egg":3,"stat.playOneMinute":83142,"stat.useItem.minecraft.ladder":3,"stat.killEntity.Zombie":2,"stat.mineBlock.minecraft.tallgrass":3,"stat.diveOneCm":14081,"stat.chestOpened":6,"stat.pickup.minecraft.sign":3,"stat.drop.mw.bullet45acp":11,"stat.pickup.minecraft.arrow":1,"stat.useItem.minecraft.glass_bottle":29,"stat.pickup.minecraft.stone_axe":1,"stat.useItem.minecraft.potion":27,"stat.jump":1604,"stat.useItem.minecraft.sand":11,"stat.pickup.minecraft.fence":4,"stat.fallOneCm":45472,"stat.useItem.minecraft.stone_axe":4,"stat.crouchOneCm":1872,"stat.pickup.minecraft.spider_eye":1,"stat.pickup.minecraft.dirt":16,"stat.killEntity.bandit1":2,"stat.pickup.mw.m45a1mag_2":2,"stat.craftingTableInteraction":6,"stat.damageTaken":4572,"stat.mineBlock.minecraft.furnace":1,"stat.pickup.minecraft.planks":2,"stat.pickup.minecraft.bed":2,"stat.pickup.minecraft.wheat_seeds":2,"stat.useItem.mw.m1911":4,"stat.entityKilledBy.Zombie":1,"stat.useItem.minecraft.stone_pickaxe":16,"stat.useItem.minecraft.stone_sword":7,"stat.damageDealt":730,"stat.killEntity.Rabbit":1,"stat.pickup.mw.remington870":1,"stat.walkOneCm":228044,"stat.useItem.minecraft.log":1,"stat.pickup.minecraft.log":4,"stat.useItem.minecraft.stained_hardened_clay":9,"stat.pickup.minecraft.wooden_door":1,"stat.pickup.minecraft.cooked_beef":64,"stat.pickup.minecraft.ladder":4,"stat.killEntity.Skeleton":1,"stat.craftItem.minecraft.planks":12,"stat.killEntity.Spider":1,"stat.pickup.minecraft.stone_sword":1,"stat.mobKills":13,"stat.mineBlock.minecraft.log":4,"stat.pickup.minecraft.water_bucket":1,"stat.mineBlock.minecraft.leaves":3,"stat.pickup.minecraft.torch":1,"stat.sneakTime":564,"stat.pickup.minecraft.rabbit":1,"stat.useItem.minecraft.sandstone":2}