{"stat.walkOneCm":66285,"stat.leaveGame":7,"stat.pickup.toughasnails.purified_water_bottle":3,"stat.useItem.minecraft.glass_bottle":3,"stat.pickup.srparasites.lurecomponent1":2,"stat.talkedToVillager":3,"stat.useItem.minecraft.potion":4,"stat.pickup.minecraft.log":4,"stat.pickup.mw.m1911":2,"stat.jump":527,"stat.swimOneCm":1073,"stat.fallOneCm":12971,"stat.pickup.firstaid.bandage":11,"stat.crouchOneCm":1098,"stat.sprintOneCm":44370,"stat.pickup.minecraft.cooked_beef":32,"stat.entityKilledBy.bandit1":1,"stat.pickup.mw.m45a1mag_2":2,"stat.craftingTableInteraction":6,"stat.pickup.minecraft.potion":1,"stat.useItem.minecraft.egg":1,"stat.pickup.minecraft.anvil":3,"stat.damageTaken":1435,"stat.mobKills":2,"stat.mineBlock.minecraft.log":4,"stat.pickup.mw.bullet45acp":32,"stat.useItem.minecraft.anvil":1,"stat.flyOneCm":78079,"stat.deaths":4,"stat.pickup.minecraft.wheat_seeds":1,"stat.mineBlock.minecraft.leaves":3,"stat.pickup.minecraft.egg":2,"stat.playOneMinute":36536,"stat.useItem.minecraft.cooked_beef":3,"stat.sneakTime":338,"stat.pickup.minecraft.rabbit":1,"stat.damageDealt":189,"stat.killEntity.Rabbit":1,"stat.killEntity.Zombie":1,"stat.timeSinceDeath":979,"stat.mineBlock.minecraft.tallgrass":1,"stat.diveOneCm":508}