{"stat.walkOneCm":98822,"stat.pickup.minecraft.sign":3,"stat.leaveGame":7,"stat.pickup.toughasnails.purified_water_bottle":3,"stat.useItem.minecraft.glass_bottle":12,"stat.useItem.minecraft.log":1,"stat.pickup.srparasites.lurecomponent1":2,"stat.talkedToVillager":3,"stat.useItem.minecraft.potion":11,"stat.pickup.minecraft.log":4,"stat.pickup.mw.m1911":2,"stat.jump":837,"stat.swimOneCm":1390,"stat.fallOneCm":23890,"stat.useItem.minecraft.planks":5,"stat.pickup.firstaid.bandage":11,"stat.crouchOneCm":1098,"stat.pickup.minecraft.sandstone_stairs":1,"stat.pickup.minecraft.dirt":8,"stat.sprintOneCm":55333,"stat.pickup.minecraft.wooden_door":1,"stat.killEntity.bandit1":1,"stat.useItem.minecraft.stone_slab2":1,"stat.pickup.minecraft.cooked_beef":32,"stat.entityKilledBy.bandit1":2,"stat.pickup.mw.m45a1mag_2":2,"stat.craftingTableInteraction":6,"stat.pickup.minecraft.sand":3,"stat.craftItem.minecraft.planks":12,"stat.pickup.minecraft.potion":1,"stat.useItem.minecraft.egg":2,"stat.pickup.minecraft.anvil":3,"stat.damageTaken":2759,"stat.mobKills":5,"stat.mineBlock.minecraft.log":4,"stat.pickup.minecraft.planks":2,"stat.pickup.mw.bullet45acp":32,"stat.useItem.minecraft.anvil":1,"stat.flyOneCm":104819,"stat.deaths":8,"stat.mineBlock.minecraft.planks":2,"stat.pickup.minecraft.sandstone":3,"stat.pickup.minecraft.wheat_seeds":1,"stat.mineBlock.minecraft.leaves":3,"stat.pickup.minecraft.egg":2,"stat.playOneMinute":48236,"stat.entityKilledBy.Zombie":1,"stat.pickup.minecraft.torch":1,"stat.useItem.minecraft.cooked_beef":3,"stat.sneakTime":338,"stat.pickup.minecraft.rabbit":1,"stat.damageDealt":364,"stat.killEntity.Rabbit":1,"stat.killEntity.Zombie":1,"stat.timeSinceDeath":1272,"stat.mineBlock.minecraft.tallgrass":2,"stat.diveOneCm":831,"stat.pickup.mw.remington870":1}