{"stat.pickup.minecraft.bone":1,"stat.pickup.minecraft.wooden_slab":350,"stat.leaveGame":9,"stat.pickup.toughasnails.purified_water_bottle":3,"stat.pickup.minecraft.stone_pickaxe":1,"stat.mineBlock.minecraft.sandstone":10,"stat.mineBlock.minecraft.stained_glass_pane":2,"stat.pickup.mw.m1911":3,"stat.mineBlock.minecraft.stained_glass":2,"stat.swimOneCm":33584,"stat.useItem.minecraft.planks":13,"stat.climbOneCm":9781,"stat.pickup.firstaid.bandage":19,"stat.useItem.minecraft.dirt":15,"stat.useItem.minecraft.stone_slab2":16,"stat.entityKilledBy.bandit1":3,"stat.useItem.minecraft.water_bucket":7,"stat.pickup.minecraft.sand":13,"stat.useItem.minecraft.egg":2,"stat.pickup.minecraft.anvil":3,"stat.pickup.minecraft.cobblestone":56,"stat.mineBlock.minecraft.wooden_slab":8,"stat.mineBlock.minecraft.carpet":1,"stat.pickup.mw.bullet45acp":32,"stat.useItem.minecraft.anvil":1,"stat.flyOneCm":252886,"stat.pickup.minecraft.sandstone":13,"stat.mineBlock.minecraft.sand":3,"stat.drop.minecraft.wheat_seeds":1,"stat.useItem.minecraft.cooked_beef":5,"stat.timeSinceDeath":4066,"stat.pickup.minecraft.stained_hardened_clay":20,"stat.pickup.minecraft.dark_oak_door":149,"stat.furnaceInteraction":1,"stat.pickup.minecraft.carpet":2,"stat.mineBlock.minecraft.coal_ore":9,"stat.pickup.srparasites.lurecomponent1":6,"stat.talkedToVillager":3,"stat.pickup.minecraft.string":2,"stat.pickup.mw.vss_vintorez":1,"stat.mineBlock.minecraft.ladder":1,"stat.pickup.minecraft.furnace":2,"stat.entityKilledBy.Skeleton":1,"stat.pickup.minecraft.sandstone_stairs":1,"stat.mineBlock.minecraft.stained_hardened_clay":4,"stat.sprintOneCm":157589,"stat.craftItem.minecraft.stick":4,"stat.pickup.minecraft.acacia_door":2,"stat.pickup.mw.bullet9x19mm":32,"stat.pickup.minecraft.potion":1,"stat.entityKilledBy.Creeper":1,"stat.deaths":16,"stat.mineBlock.minecraft.planks":3,"stat.drop":3,"stat.pickup.minecraft.egg":7,"stat.playOneMinute":98689,"stat.useItem.minecraft.ladder":3,"stat.killEntity.Zombie":2,"stat.mineBlock.minecraft.tallgrass":6,"stat.diveOneCm":14081,"stat.chestOpened":6,"stat.pickup.minecraft.sign":3,"stat.useItem.minecraft.stone":1,"stat.drop.mw.bullet45acp":11,"stat.pickup.minecraft.arrow":1,"stat.useItem.minecraft.glass_bottle":37,"stat.pickup.minecraft.stone_axe":1,"stat.useItem.minecraft.potion":36,"stat.jump":1832,"stat.useItem.minecraft.sand":12,"stat.pickup.minecraft.fence":4,"stat.pickup.minecraft.coal":8,"stat.fallOneCm":50074,"stat.drop.minecraft.stone":1,"stat.useItem.minecraft.stone_axe":23,"stat.crouchOneCm":1872,"stat.pickup.minecraft.spider_eye":1,"stat.craftItem.minecraft.torch":16,"stat.pickup.minecraft.dirt":17,"stat.killEntity.bandit1":2,"stat.pickup.mw.m45a1mag_2":2,"stat.craftingTableInteraction":6,"stat.damageTaken":4858,"stat.mineBlock.minecraft.furnace":2,"stat.pickup.minecraft.planks":3,"stat.pickup.minecraft.bed":2,"stat.pickup.minecraft.wheat_seeds":140,"stat.useItem.mw.m1911":4,"stat.entityKilledBy.Zombie":1,"stat.useItem.minecraft.stone_pickaxe":38,"stat.useItem.minecraft.stone_sword":7,"stat.damageDealt":730,"stat.killEntity.Rabbit":1,"stat.mineBlock.minecraft.dirt":1,"stat.pickup.mw.remington870":1,"stat.walkOneCm":275847,"stat.useItem.minecraft.torch":2,"stat.useItem.minecraft.log":1,"stat.useItem.minecraft.cobblestone":1,"stat.pickup.minecraft.log":9,"stat.pickup.minecraft.stone":238,"stat.useItem.minecraft.stained_hardened_clay":18,"stat.pickup.minecraft.wooden_door":1,"stat.pickup.minecraft.cooked_beef":64,"stat.pickup.minecraft.ladder":4,"stat.killEntity.Skeleton":1,"stat.craftItem.minecraft.planks":32,"stat.killEntity.Spider":1,"stat.pickup.minecraft.stone_sword":1,"stat.mobKills":13,"stat.mineBlock.minecraft.log":9,"stat.pickup.minecraft.water_bucket":1,"stat.mineBlock.minecraft.leaves":5,"stat.pickup.minecraft.torch":1,"stat.sneakTime":564,"stat.pickup.minecraft.rabbit":1,"stat.mineBlock.minecraft.stone":9,"stat.useItem.minecraft.sandstone":2}