{"stat.craftItem.mw.leadingot":15,"stat.pickup.minecraft.bone":1,"stat.pickup.minecraft.wooden_slab":350,"stat.pickup.mw.graphitechunk":6,"stat.leaveGame":13,"stat.pickup.toughasnails.purified_water_bottle":3,"stat.mineBlock.minecraft.cobblestone":2,"stat.pickup.minecraft.stone_pickaxe":1,"stat.craftItem.spartanweaponry.saber_lead":1,"stat.mineBlock.minecraft.sandstone":10,"stat.mineBlock.minecraft.stained_glass_pane":2,"stat.pickup.mw.sulfurdust":122,"stat.pickup.mw.m1911":3,"stat.mineBlock.minecraft.stained_glass":2,"stat.swimOneCm":96313,"stat.useItem.minecraft.planks":13,"stat.climbOneCm":15453,"stat.craftItem.minecraft.shield":1,"stat.mineBlock.mw.sulfurore":2,"stat.pickup.firstaid.bandage":19,"stat.useItem.minecraft.dirt":15,"stat.useItem.minecraft.stone_slab2":24,"stat.entityKilledBy.bandit1":5,"stat.useItem.minecraft.water_bucket":21,"stat.pickup.minecraft.rotten_flesh":116,"stat.pickup.minecraft.sand":13,"stat.craftItem.minecraft.furnace":1,"stat.pickup.minecraft.cooked_rabbit":123,"stat.useItem.minecraft.egg":2,"stat.craftItem.minecraft.iron_boots":1,"stat.pickup.minecraft.anvil":3,"stat.pickup.mw.leadore":15,"stat.pickup.minecraft.cobblestone":1418,"stat.mineBlock.minecraft.wooden_slab":8,"stat.mineBlock.minecraft.carpet":1,"stat.pickup.mw.bullet45acp":32,"stat.useItem.minecraft.anvil":1,"stat.flyOneCm":413880,"stat.pickup.minecraft.sandstone":505,"stat.mineBlock.minecraft.sand":3,"stat.drop.minecraft.wheat_seeds":1,"stat.useItem.minecraft.cooked_beef":8,"stat.mineBlock.mw.tinore":16,"stat.craftItem.mw.tiningot":16,"stat.mineBlock.minecraft.iron_ore":18,"stat.timeSinceDeath":2481,"stat.useItem.minecraft.iron_pickaxe":125,"stat.useItem.minecraft.sign":2,"stat.pickup.minecraft.stained_hardened_clay":158,"stat.pickup.travelersbackpack.travelers_backpack":1,"stat.pickup.minecraft.dark_oak_door":149,"stat.mineBlock.mw.graphiteore":6,"stat.furnaceInteraction":20,"stat.craftItem.spartanweaponry.material":2,"stat.pickup.minecraft.carpet":312,"stat.mineBlock.minecraft.coal_ore":86,"stat.pickup.srparasites.lurecomponent1":6,"stat.talkedToVillager":3,"stat.pickup.minecraft.string":2,"stat.pickup.mw.vss_vintorez":1,"stat.mineBlock.minecraft.ladder":1,"stat.pickup.minecraft.furnace":353,"stat.entityKilledBy.Skeleton":1,"stat.craftItem.minecraft.stone_slab2":0,"stat.pickup.minecraft.sandstone_stairs":1,"stat.mineBlock.minecraft.stained_hardened_clay":4,"stat.sprintOneCm":235298,"stat.craftItem.minecraft.stick":16,"stat.pickup.minecraft.acacia_door":2,"stat.pickup.mw.bullet9x19mm":32,"stat.pickup.minecraft.potion":1,"stat.mineBlock.minecraft.crafting_table":2,"stat.entityKilledBy.Creeper":1,"stat.deaths":18,"stat.mineBlock.minecraft.planks":3,"stat.drop":3,"stat.pickup.minecraft.egg":7,"stat.playOneMinute":143926,"stat.useItem.minecraft.ladder":3,"stat.craftItem.minecraft.iron_pickaxe":1,"stat.killEntity.Zombie":6,"stat.mineBlock.minecraft.tallgrass":6,"stat.diveOneCm":31938,"stat.pickup.minecraft.wheat":45,"stat.chestOpened":14,"stat.pickup.minecraft.sign":3,"stat.useItem.minecraft.stone":1,"stat.drop.mw.bullet45acp":11,"stat.pickup.minecraft.arrow":1,"stat.useItem.minecraft.glass_bottle":103,"stat.pickup.minecraft.stone_axe":1,"stat.useItem.minecraft.potion":101,"stat.jump":2566,"stat.useItem.minecraft.sand":12,"stat.pickup.minecraft.fence":4,"stat.pickup.minecraft.coal":1543,"stat.fallOneCm":62472,"stat.drop.minecraft.stone":1,"stat.useItem.minecraft.stone_axe":29,"stat.crouchOneCm":1872,"stat.pickup.minecraft.spider_eye":1,"stat.craftItem.minecraft.torch":24,"stat.craftItem.minecraft.iron_ingot":18,"stat.pickup.minecraft.dirt":17,"stat.killEntity.bandit1":2,"stat.mineBlock.mw.leadore":15,"stat.pickup.mw.m45a1mag_2":2,"stat.craftingTableInteraction":13,"stat.pickup.minecraft.iron_ore":195,"stat.mineBlock.minecraft.leaves2":2,"stat.mineBlock.minecraft.log2":4,"stat.damageTaken":5303,"stat.mineBlock.minecraft.furnace":9,"stat.useItem.minecraft.furnace":5,"stat.pickup.minecraft.log2":4,"stat.pickup.minecraft.planks":3,"stat.pickup.minecraft.bed":4,"stat.pickup.minecraft.wheat_seeds":166,"stat.useItem.mw.m1911":4,"stat.pickup.minecraft.potato":4,"stat.entityKilledBy.Zombie":1,"stat.useItem.minecraft.stone_pickaxe":87,"stat.useItem.minecraft.stone_sword":7,"stat.damageDealt":1167,"stat.killEntity.Rabbit":1,"stat.mineBlock.minecraft.dirt":1,"stat.pickup.mw.remington870":1,"stat.walkOneCm":360636,"stat.useItem.minecraft.torch":17,"stat.useItem.minecraft.log":1,"stat.pickup.minecraft.crafting_table":6,"stat.useItem.minecraft.cobblestone":7,"stat.craftItem.minecraft.crafting_table":1,"stat.pickup.minecraft.log":9,"stat.pickup.minecraft.stone":456,"stat.craftItem.minecraft.iron_chestplate":1,"stat.useItem.minecraft.stained_hardened_clay":18,"stat.pickup.minecraft.sapling":3,"stat.pickup.minecraft.wooden_door":198,"stat.pickup.minecraft.cooked_beef":64,"stat.pickup.minecraft.ladder":146,"stat.killEntity.Skeleton":1,"stat.craftItem.minecraft.planks":48,"stat.pickup.mw.tinore":16,"stat.useItem.spartanweaponry.katana_iron":11,"stat.killEntity.Spider":1,"stat.pickup.minecraft.stone_sword":1,"stat.mobKills":18,"stat.pickup.minecraft.book":9,"stat.mineBlock.minecraft.log":9,"stat.mineBlock.minecraft.bookshelf":3,"stat.pickup.minecraft.water_bucket":1,"stat.mineBlock.minecraft.leaves":5,"stat.pickup.minecraft.torch":1,"stat.sneakTime":564,"stat.pickup.minecraft.rabbit":1,"stat.mineBlock.minecraft.stone":40,"stat.useItem.minecraft.sandstone":8}