{"stat.leaveGame":6,"stat.drop.mw.m45a1mag_2":1,"stat.useItem.spartanweaponry.longsword_diamond":13,"stat.pickup.spartanweaponry.throwing_axe_lead":1,"stat.useItem.minecraft.sand":55,"stat.jump":682,"stat.swimOneCm":851,"stat.useItem.spartanweaponry.throwing_axe_lead":2,"stat.fallOneCm":2830,"stat.pickup.minecraft.gunpowder":3,"stat.crouchOneCm":355,"stat.pickup.minecraft.dirt":39,"stat.useItem.minecraft.dirt":127,"stat.killEntity.bandit1":4,"stat.useItem.minecraft.stone_slab2":126,"stat.pickup.mw.m45a1mag_2":6,"stat.pickup.minecraft.rotten_flesh":7,"stat.pickup.minecraft.sand":32,"stat.useItem.minecraft.egg":57,"stat.damageTaken":185,"stat.pickup.minecraft.feather":9,"stat.killEntity.Enderman":1,"stat.pickup.srparasites.assimilated_flesh":2,"stat.useItem.spartanweaponry.longbow_electrum":5,"stat.flyOneCm":451632,"stat.pickup.minecraft.sandstone":11,"stat.pickup.minecraft.wheat_seeds":1,"stat.drop.minecraft.wheat_seeds":1,"stat.killEntity.Villager":1,"stat.damageDealt":4410,"stat.killEntity.Rabbit":1,"stat.useItem.spartanweaponry.crossbow_copper":5,"stat.timeSinceDeath":65900,"stat.useItem.minecraft.spawn_egg":5,"stat.pickup.mw.remington870":2,"stat.walkOneCm":95057,"stat.killEntity.ZombieVillager":1,"stat.killEntity.Creeper":4,"stat.pickup.minecraft.string":3,"stat.pickup.mw.vss_vintorez":2,"stat.drop.spartanweaponry.longbow_electrum":1,"stat.useItem.spartanweaponry.hammer_tin":8,"stat.useItem.spartanweaponry.throwing_knife_tin":8,"stat.pickup.minecraft.tnt":1,"stat.pickup.minecraft.chicken":10,"stat.pickup.minecraft.sandstone_stairs":2,"stat.pickup.spartanweaponry.longbow_electrum":1,"stat.useItem.spartanweaponry.saber_diamond":6,"stat.sprintOneCm":35125,"stat.pickup.minecraft.skull":1,"stat.killEntity.Skeleton":1,"stat.drop.spartanweaponry.throwing_axe_lead":1,"stat.killEntity.Chicken":5,"stat.pickup.minecraft.grass":1,"stat.killEntity.Spider":2,"stat.killEntity.Husk":1,"stat.mobKills":50,"stat.pickup.minecraft.book":4,"stat.drop":5,"stat.pickup.minecraft.egg":7,"stat.playOneMinute":65900,"stat.sneakTime":581,"stat.killEntity.Zombie":15,"stat.drop.minecraft.grass":1,"stat.mineBlock.minecraft.tallgrass":1,"stat.diveOneCm":945,"stat.useItem.minecraft.sandstone":75}