{"stat.pickup.minecraft.rotten_flesh":2,"stat.pickup.minecraft.sand":12,"stat.walkOneCm":30788,"stat.killEntity.Chicken":2,"stat.useItem.minecraft.egg":33,"stat.damageTaken":155,"stat.pickup.minecraft.feather":9,"stat.killEntity.Enderman":1,"stat.mobKills":6,"stat.pickup.minecraft.book":4,"stat.flyOneCm":40727,"stat.pickup.minecraft.sandstone":4,"stat.useItem.spartanweaponry.longsword_diamond":5,"stat.pickup.minecraft.wheat_seeds":1,"stat.drop":1,"stat.jump":152,"stat.useItem.minecraft.sand":51,"stat.pickup.minecraft.egg":1,"stat.playOneMinute":10460,"stat.drop.minecraft.wheat_seeds":1,"stat.fallOneCm":209,"stat.pickup.minecraft.tnt":1,"stat.sneakTime":254,"stat.damageDealt":722,"stat.crouchOneCm":97,"stat.pickup.minecraft.chicken":9,"stat.killEntity.Zombie":3,"stat.timeSinceDeath":10460,"stat.pickup.minecraft.dirt":38,"stat.useItem.minecraft.dirt":127,"stat.sprintOneCm":4205,"stat.useItem.minecraft.stone_slab2":54,"stat.mineBlock.minecraft.tallgrass":1,"stat.useItem.minecraft.sandstone":39}