{"stat.leaveGame":2,"stat.drop.mw.m45a1mag_2":1,"stat.useItem.spartanweaponry.longsword_diamond":5,"stat.useItem.minecraft.sand":55,"stat.jump":499,"stat.swimOneCm":112,"stat.fallOneCm":209,"stat.pickup.minecraft.gunpowder":3,"stat.crouchOneCm":254,"stat.pickup.minecraft.dirt":38,"stat.useItem.minecraft.dirt":127,"stat.killEntity.bandit1":3,"stat.useItem.minecraft.stone_slab2":108,"stat.pickup.mw.m45a1mag_2":6,"stat.pickup.minecraft.rotten_flesh":7,"stat.pickup.minecraft.sand":31,"stat.useItem.minecraft.egg":38,"stat.damageTaken":155,"stat.pickup.minecraft.feather":9,"stat.killEntity.Enderman":1,"stat.pickup.srparasites.assimilated_flesh":1,"stat.flyOneCm":322326,"stat.pickup.minecraft.sandstone":11,"stat.pickup.minecraft.wheat_seeds":1,"stat.drop.minecraft.wheat_seeds":1,"stat.killEntity.Villager":1,"stat.damageDealt":3418,"stat.killEntity.Rabbit":1,"stat.timeSinceDeath":43949,"stat.useItem.minecraft.spawn_egg":5,"stat.pickup.mw.remington870":2,"stat.walkOneCm":71976,"stat.killEntity.Creeper":4,"stat.pickup.minecraft.string":3,"stat.pickup.mw.vss_vintorez":1,"stat.useItem.spartanweaponry.hammer_tin":8,"stat.pickup.minecraft.tnt":1,"stat.pickup.minecraft.chicken":10,"stat.pickup.minecraft.sandstone_stairs":2,"stat.useItem.spartanweaponry.saber_diamond":6,"stat.sprintOneCm":24676,"stat.pickup.minecraft.skull":1,"stat.killEntity.Skeleton":1,"stat.killEntity.Chicken":4,"stat.pickup.minecraft.grass":1,"stat.killEntity.Spider":2,"stat.killEntity.Husk":1,"stat.mobKills":41,"stat.pickup.minecraft.book":4,"stat.drop":3,"stat.pickup.minecraft.egg":5,"stat.playOneMinute":43949,"stat.sneakTime":524,"stat.killEntity.Zombie":15,"stat.drop.minecraft.grass":1,"stat.mineBlock.minecraft.tallgrass":1,"stat.diveOneCm":576,"stat.useItem.minecraft.sandstone":75}