{"stat.walkOneCm":44982,"stat.pickup.minecraft.string":3,"stat.pickup.mw.vss_vintorez":1,"stat.useItem.spartanweaponry.longsword_diamond":5,"stat.useItem.minecraft.sand":55,"stat.jump":278,"stat.useItem.spartanweaponry.hammer_tin":8,"stat.swimOneCm":112,"stat.fallOneCm":209,"stat.pickup.minecraft.tnt":1,"stat.crouchOneCm":254,"stat.pickup.minecraft.chicken":10,"stat.pickup.minecraft.sandstone_stairs":2,"stat.pickup.minecraft.dirt":38,"stat.useItem.minecraft.dirt":127,"stat.useItem.spartanweaponry.saber_diamond":6,"stat.sprintOneCm":9216,"stat.killEntity.bandit1":3,"stat.useItem.minecraft.stone_slab2":104,"stat.pickup.minecraft.skull":1,"stat.pickup.minecraft.rotten_flesh":6,"stat.pickup.minecraft.sand":31,"stat.killEntity.Skeleton":1,"stat.killEntity.Chicken":4,"stat.useItem.minecraft.egg":37,"stat.pickup.minecraft.grass":1,"stat.damageTaken":155,"stat.pickup.minecraft.feather":9,"stat.killEntity.Spider":2,"stat.killEntity.Enderman":1,"stat.mobKills":29,"stat.pickup.minecraft.book":4,"stat.pickup.srparasites.assimilated_flesh":1,"stat.flyOneCm":176308,"stat.pickup.minecraft.sandstone":11,"stat.pickup.minecraft.wheat_seeds":1,"stat.drop":2,"stat.pickup.minecraft.egg":3,"stat.playOneMinute":23060,"stat.drop.minecraft.wheat_seeds":1,"stat.sneakTime":514,"stat.killEntity.Villager":1,"stat.damageDealt":3118,"stat.killEntity.Zombie":10,"stat.timeSinceDeath":23060,"stat.useItem.minecraft.spawn_egg":3,"stat.drop.minecraft.grass":1,"stat.mineBlock.minecraft.tallgrass":1,"stat.pickup.mw.remington870":2,"stat.diveOneCm":576,"stat.useItem.minecraft.sandstone":75}