{"stat.useItem.spartanweaponry.battleaxe_diamond":2,"stat.walkOneCm":22951,"stat.pickup.vehicle.small_engine":1,"stat.leaveGame":5,"stat.pickup.minecraft.arrow":1,"stat.useItem.minecraft.tnt":31,"stat.killEntity.Creeper":3,"stat.pickup.vehicle.panel":6,"stat.jump":278,"stat.swimOneCm":1188,"stat.fallOneCm":6193,"stat.pickup.minecraft.iron_ingot":63,"stat.pickup.minecraft.beef":4,"stat.crouchOneCm":48,"stat.killEntity.Squid":1,"stat.pickup.minecraft.dirt":7,"stat.useItem.minecraft.dirt":6,"stat.sprintOneCm":8526,"stat.useItem.minecraft.stone_slab2":2,"stat.pickup.minecraft.rotten_flesh":3,"stat.killEntity.Skeleton":3,"stat.pickup.minecraft.sand":4,"stat.pickup.minecraft.leather":2,"stat.damageTaken":1028,"stat.mobKills":15,"stat.pickup.minecraft.reeds":2,"stat.flyOneCm":42595,"stat.deaths":2,"stat.playOneMinute":22122,"stat.sneakTime":148,"stat.pickup.vehicle.wheel":1,"stat.pickup.minecraft.wool":4,"stat.killEntity.Villager":2,"stat.damageDealt":1053,"stat.pickup.minecraft.redstone":5,"stat.killEntity.Zombie":2,"stat.timeSinceDeath":2150,"stat.pickup.minecraft.iron_bars":2,"stat.killEntity.Cow":4,"stat.useItem.minecraft.spawn_egg":3,"stat.diveOneCm":7964}