{"stat.pickup.minecraft.stone_pressure_plate":1,"stat.leaveGame":14,"stat.pickup.toughasnails.purified_water_bottle":1,"stat.mineBlock.minecraft.sandstone":18,"stat.useItem.spartanweaponry.longsword_diamond":13,"stat.swimOneCm":18493,"stat.climbOneCm":3650,"stat.useItem.minecraft.planks":3,"stat.useItem.minecraft.dirt":127,"stat.useItem.minecraft.stone_slab2":208,"stat.pickup.minecraft.bow":1,"stat.useItem.minecraft.water_bucket":1,"stat.pickup.minecraft.rotten_flesh":9,"stat.pickup.minecraft.sand":32,"stat.useItem.minecraft.egg":58,"stat.pickup.minecraft.cobblestone_wall":5,"stat.pickup.minecraft.bucket":1,"stat.killEntity.Enderman":1,"stat.pickup.mw.bullet45acp":11,"stat.useItem.spartanweaponry.longbow_electrum":5,"stat.flyOneCm":717166,"stat.pickup.minecraft.sandstone":31,"stat.pickup.minecraft.glass_bottle":2,"stat.killEntity.Witch":1,"stat.drop.minecraft.wheat_seeds":1,"stat.useItem.minecraft.cooked_beef":4,"stat.killEntity.Villager":1,"stat.useItem.spartanweaponry.crossbow_copper":5,"stat.timeSinceDeath":4804,"stat.useItem.minecraft.spawn_egg":5,"stat.pickup.minecraft.stained_hardened_clay":2,"stat.pickup.minecraft.stonebrick":1,"stat.killEntity.ZombieVillager":1,"stat.killEntity.Creeper":4,"stat.drop.mw.m1911":1,"stat.pickup.minecraft.string":3,"stat.pickup.mw.vss_vintorez":3,"stat.pickup.minecraft.furnace":3,"stat.useItem.minecraft.milk_bucket":1,"stat.drop.minecraft.stained_hardened_clay":1,"stat.entityKilledBy.Skeleton":1,"stat.drop.minecraft.anvil":3,"stat.pickup.minecraft.sandstone_stairs":2,"stat.useItem.spartanweaponry.saber_diamond":6,"stat.sprintOneCm":130368,"stat.pickup.minecraft.skull":1,"stat.drop.minecraft.potion":1,"stat.drop.spartanweaponry.throwing_axe_lead":1,"stat.pickup.minecraft.grass":1,"stat.killEntity.Husk":1,"stat.drop.minecraft.cobblestone_wall":1,"stat.deaths":2,"stat.drop":27,"stat.pickup.minecraft.egg":8,"stat.playOneMinute":128723,"stat.mineBlock.minecraft.stone_pressure_plate":1,"stat.killEntity.Zombie":15,"stat.drop.minecraft.glass_bottle":2,"stat.mineBlock.minecraft.tallgrass":6,"stat.diveOneCm":18318,"stat.chestOpened":9,"stat.drop.toughasnails.purified_water_bottle":4,"stat.drop.mw.bullet45acp":32,"stat.pickup.minecraft.arrow":1,"stat.drop.mw.m45a1mag_2":3,"stat.drop.minecraft.cooked_beef":32,"stat.useItem.minecraft.glass_bottle":1,"stat.useItem.minecraft.potion":2,"stat.pickup.spartanweaponry.throwing_axe_lead":1,"stat.useItem.minecraft.sand":55,"stat.jump":1733,"stat.useItem.spartanweaponry.throwing_axe_lead":2,"stat.fallOneCm":17367,"stat.drop.minecraft.stone_sword":1,"stat.useItem.minecraft.stone_axe":11,"stat.pickup.minecraft.gunpowder":4,"stat.crouchOneCm":943,"stat.mineBlock.minecraft.chest":2,"stat.pickup.minecraft.dirt":39,"stat.killEntity.bandit1":7,"stat.pickup.mw.m45a1mag_2":6,"stat.craftingTableInteraction":3,"stat.useItem.spartanweaponry.katana_diamond":4,"stat.damageTaken":734,"stat.pickup.minecraft.feather":9,"stat.mineBlock.minecraft.furnace":3,"stat.drop.minecraft.water_bucket":1,"stat.pickup.srparasites.assimilated_flesh":6,"stat.pickup.minecraft.bed":1,"stat.pickup.minecraft.wheat_seeds":1,"stat.useItem.minecraft.stone_pickaxe":27,"stat.mineBlock.minecraft.glass":2,"stat.useItem.minecraft.stone_sword":12,"stat.damageDealt":7930,"stat.killEntity.Rabbit":1,"stat.pickup.mw.remington870":4,"stat.walkOneCm":224323,"stat.useItem.minecraft.lava_bucket":2,"stat.pickup.minecraft.log":3,"stat.drop.spartanweaponry.longbow_electrum":1,"stat.useItem.spartanweaponry.hammer_tin":8,"stat.useItem.spartanweaponry.throwing_knife_tin":8,"stat.pickup.minecraft.tnt":1,"stat.pickup.minecraft.chicken":10,"stat.pickup.spartanweaponry.longbow_electrum":1,"stat.pickup.minecraft.wooden_door":1,"stat.killEntity.Skeleton":3,"stat.mineBlock.minecraft.stonebrick":1,"stat.craftItem.minecraft.planks":12,"stat.killEntity.Chicken":5,"stat.killEntity.Spider":2,"stat.mobKills":78,"stat.pickup.minecraft.book":4,"stat.mineBlock.minecraft.log":3,"stat.useItem.minecraft.cobblestone_wall":2,"stat.sneakTime":1054,"stat.mineBlock.minecraft.cobblestone_wall":4,"stat.drop.firstaid.bandage":3,"stat.drop.minecraft.bucket":1,"stat.drop.minecraft.grass":1,"stat.useItem.minecraft.sandstone":79,"stat.pickup.minecraft.chest":2}