{"stat.pickup.minecraft.wooden_slab":4,"stat.leaveGame":20,"stat.pickup.toughasnails.purified_water_bottle":1,"stat.craftItem.minecraft.iron_axe":1,"stat.mineBlock.minecraft.sandstone":20,"stat.pickup.mw.m1911":3,"stat.useItem.minecraft.planks":3,"stat.pickup.minecraft.porkchop":14,"stat.entityKilledBy.bandit1":4,"stat.useItem.minecraft.water_bucket":6,"stat.drop.travelersbackpack.travelers_backpack":1,"stat.pickup.minecraft.rotten_flesh":417,"stat.pickup.minecraft.sand":32,"stat.drop.mw.vss_vintorez":1,"stat.pickup.minecraft.cobblestone_wall":6,"stat.pickup.minecraft.bucket":9,"stat.pickup.mw.leadore":609,"stat.killEntity.Enderman":3,"stat.mineBlock.minecraft.wooden_slab":1,"stat.killEntity.Witch":1,"stat.craftItem.mw.copperingot":9,"stat.killEntity.Villager":1,"stat.useItem.minecraft.iron_pickaxe":384,"stat.useItem.minecraft.spawn_egg":5,"stat.pickup.minecraft.stained_hardened_clay":2,"stat.trappedChestTriggered":9,"stat.mineBlock.mw.copperore":16,"stat.useItem.mw.vssvintorezmag_2":7,"stat.mineBlock.mw.graphiteore":6,"stat.furnaceInteraction":19,"stat.killEntity.ZombieVillager":2,"stat.pickup.srparasites.lurecomponent1":66,"stat.pickup.mw.vss_vintorez":17,"stat.pickup.minecraft.furnace":128,"stat.drop.minecraft.stained_hardened_clay":1,"stat.drop.mw.p2022":1,"stat.pickup.minecraft.skull":1,"stat.useItem.spartanweaponry.saber_iron":4,"stat.drop.spartanweaponry.throwing_axe_lead":1,"stat.pickup.mw.bullet9x19mm":97,"stat.pickup.minecraft.potion":1433,"stat.craftItem.toughasnails.purified_water_bottle":3,"stat.craftItem.mw.shotgun12gauge":64,"stat.killEntity.Husk":7,"stat.deaths":7,"stat.pickup.minecraft.egg":9,"stat.playOneMinute":373214,"stat.mineBlock.minecraft.stone_pressure_plate":1,"stat.craftItem.minecraft.iron_pickaxe":1,"stat.drop.minecraft.glass_bottle":2,"stat.drop.minecraft.iron_ingot":3,"stat.mineBlock.minecraft.tallgrass":10,"stat.chestOpened":19,"stat.drop.srparasites.lurecomponent1":11,"stat.pickup.minecraft.spruce_door":2,"stat.drop.toughasnails.purified_water_bottle":4,"stat.useItem.minecraft.stone":9,"stat.drop.mw.bullet45acp":64,"stat.pickup.minecraft.arrow":2,"stat.drop.mw.m45a1mag_2":6,"stat.pickup.mw.p2022":1,"stat.pickup.spartanweaponry.throwing_axe_lead":1,"stat.fallOneCm":34900,"stat.drop.minecraft.stone":8,"stat.drop.minecraft.stone_sword":1,"stat.crouchOneCm":14581,"stat.mineBlock.minecraft.chest":2,"stat.craftItem.minecraft.iron_ingot":3,"stat.pickup.mw.m45a1mag_2":9,"stat.craftingTableInteraction":18,"stat.useItem.spartanweaponry.katana_diamond":17,"stat.mineBlock.minecraft.log2":14,"stat.pickup.minecraft.feather":9,"stat.pickup.vehicle.industrial_jerry_can":1,"stat.pickup.minecraft.planks":1,"stat.useItem.spartanweaponry.dagger_wood":5,"stat.pickup.minecraft.wheat_seeds":2,"stat.useItem.minecraft.stone_pickaxe":51,"stat.mineBlock.minecraft.glass":2,"stat.useItem.minecraft.stone_sword":32,"stat.craftItem.minecraft.iron_leggings":1,"stat.killEntity.Rabbit":1,"stat.craftItem.mw.bullet9x39mm":64,"stat.mineBlock.minecraft.dirt":1,"stat.craftItem.mw.steelingot":1,"stat.pickup.mw.remington870":13,"stat.drop.minecraft.iron_axe":1,"stat.useItem.minecraft.torch":14,"stat.pickup.mw.copperore":43,"stat.drop.minecraft.rotten_flesh":7,"stat.useItem.minecraft.cobblestone":128,"stat.craftItem.minecraft.crafting_table":1,"stat.pickup.minecraft.log":3,"stat.useItem.spartanweaponry.hammer_diamond":40,"stat.pickup.minecraft.chicken":10,"stat.pickup.minecraft.wooden_door":1,"stat.craftItem.minecraft.planks":12,"stat.useItem.minecraft.iron_sword":63,"stat.pickup.mw.tinore":20,"stat.pickup.minecraft.book":4,"stat.mineBlock.minecraft.log":4,"stat.sneakTime":9184,"stat.pickup.minecraft.wool":4,"stat.mineBlock.minecraft.cobblestone_wall":5,"stat.drop.firstaid.bandage":11,"stat.drop.minecraft.bucket":1,"stat.pickup.minecraft.yellow_flower":1,"stat.drop.minecraft.grass":1,"stat.pickup.minecraft.chest":2,"stat.pickup.vehicle.small_engine":4,"stat.pickup.minecraft.stone_pressure_plate":1,"stat.pickup.mw.graphitechunk":191,"stat.useItem.minecraft.iron_axe":32,"stat.mineBlock.minecraft.cobblestone":1,"stat.mineBlock.minecraft.stained_glass_pane":4,"stat.pickup.mw.sulfurdust":48,"stat.useItem.spartanweaponry.longsword_diamond":13,"stat.swimOneCm":47742,"stat.pickup.mw.m9mag_2":4,"stat.climbOneCm":4405,"stat.mineBlock.mw.sulfurore":48,"stat.useItem.minecraft.dirt":132,"stat.useItem.minecraft.stone_slab2":536,"stat.pickup.minecraft.bow":1,"stat.useItem.minecraft.egg":59,"stat.craftItem.minecraft.iron_boots":1,"stat.pickup.minecraft.cobblestone":314,"stat.pickup.mw.bullet45acp":31,"stat.useItem.spartanweaponry.longbow_electrum":5,"stat.flyOneCm":2083303,"stat.pickup.minecraft.sandstone":64,"stat.pickup.minecraft.glass_bottle":2,"stat.pickup.mw.sccy_cpx_2":1,"stat.drop.minecraft.wheat_seeds":1,"stat.useItem.minecraft.cooked_beef":7,"stat.pickup.vehicle.wheel":5,"stat.mineBlock.mw.tinore":20,"stat.mineBlock.minecraft.iron_ore":46,"stat.useItem.spartanweaponry.crossbow_copper":5,"stat.timeSinceDeath":18673,"stat.useItem.minecraft.wooden_slab":2,"stat.drop.mw.remington870":2,"stat.drop.minecraft.coal":64,"stat.pickup.minecraft.dark_oak_door":2,"stat.pickup.minecraft.stonebrick":1,"stat.drop.minecraft.dirt":3,"stat.mineBlock.minecraft.coal_ore":198,"stat.killEntity.Creeper":7,"stat.drop.mw.m1911":2,"stat.pickup.minecraft.string":5,"stat.useItem.minecraft.milk_bucket":1,"stat.entityKilledBy.Skeleton":1,"stat.craftItem.minecraft.stone_slab2":0,"stat.drop.minecraft.anvil":3,"stat.pickup.minecraft.sandstone_stairs":2,"stat.useItem.spartanweaponry.saber_diamond":6,"stat.sprintOneCm":360011,"stat.craftItem.minecraft.stick":8,"stat.drop.minecraft.potion":1,"stat.pickup.minecraft.grass":1,"stat.drop.minecraft.cobblestone_wall":1,"stat.mineBlock.minecraft.planks":1,"stat.drop":68,"stat.killEntity.Zombie":39,"stat.mineBlock.minecraft.gold_ore":3,"stat.diveOneCm":37762,"stat.drop.minecraft.cooked_beef":32,"stat.useItem.minecraft.glass_bottle":19,"stat.useItem.minecraft.diamond_axe":6,"stat.useItem.minecraft.potion":10,"stat.useItem.minecraft.sand":55,"stat.jump":4624,"stat.useItem.spartanweaponry.throwing_axe_lead":2,"stat.pickup.minecraft.coal":8816,"stat.pickup.minecraft.iron_ingot":106,"stat.useItem.minecraft.stone_axe":166,"stat.pickup.minecraft.gunpowder":8,"stat.pickup.minecraft.dirt":45,"stat.craftItem.minecraft.iron_helmet":1,"stat.killEntity.bandit1":39,"stat.mineBlock.mw.leadore":7,"stat.pickup.minecraft.iron_ore":46,"stat.pickup.minecraft.gold_ore":198,"stat.pickup.minecraft.iron_axe":1,"stat.damageTaken":2890,"stat.mineBlock.minecraft.furnace":3,"stat.mineBlock.minecraft.torch":2,"stat.drop.minecraft.water_bucket":2,"stat.pickup.srparasites.assimilated_flesh":37,"stat.pickup.minecraft.log2":14,"stat.entityKilledBy.ZombieVillager":1,"stat.pickup.minecraft.bed":1,"stat.useItem.forge.bucketfilled":1,"stat.damageDealt":28887,"stat.sleepInBed":1,"stat.killEntity.Pig":8,"stat.craftItem.minecraft.iron_sword":1,"stat.walkOneCm":532162,"stat.playerKills":6,"stat.useItem.minecraft.chest":3,"stat.pickup.mw.sccy_cpx_2_mag":4,"stat.useItem.minecraft.lava_bucket":4,"stat.drop.spartanweaponry.longbow_electrum":1,"stat.drop.mw.p2022mag":2,"stat.useItem.spartanweaponry.hammer_tin":8,"stat.useItem.spartanweaponry.throwing_knife_tin":8,"stat.pickup.minecraft.tnt":5,"stat.pickup.minecraft.stone":371,"stat.craftItem.minecraft.iron_chestplate":1,"stat.pickup.spartanweaponry.longbow_electrum":1,"stat.killEntity.Skeleton":5,"stat.mineBlock.minecraft.stonebrick":1,"stat.killEntity.Chicken":6,"stat.killEntity.Spider":5,"stat.mobKills":268,"stat.useItem.minecraft.cobblestone_wall":2,"stat.pickup.minecraft.torch":2,"stat.drop.minecraft.arrow":1,"stat.mineBlock.minecraft.stone":59,"stat.drop.tconstruct.book":1,"stat.useItem.minecraft.sandstone":79}