{"stat.leaveGame":13,"stat.pickup.toughasnails.purified_water_bottle":1,"stat.useItem.spartanweaponry.longsword_diamond":13,"stat.swimOneCm":14461,"stat.climbOneCm":1674,"stat.useItem.minecraft.dirt":127,"stat.useItem.minecraft.stone_slab2":203,"stat.useItem.minecraft.water_bucket":1,"stat.pickup.minecraft.rotten_flesh":9,"stat.pickup.minecraft.sand":32,"stat.useItem.minecraft.egg":58,"stat.pickup.minecraft.bucket":1,"stat.killEntity.Enderman":1,"stat.pickup.mw.bullet45acp":11,"stat.useItem.spartanweaponry.longbow_electrum":5,"stat.flyOneCm":651068,"stat.pickup.minecraft.sandstone":13,"stat.drop.minecraft.wheat_seeds":1,"stat.useItem.minecraft.cooked_beef":2,"stat.killEntity.Villager":1,"stat.useItem.spartanweaponry.crossbow_copper":5,"stat.timeSinceDeath":8456,"stat.useItem.minecraft.spawn_egg":5,"stat.pickup.minecraft.stained_hardened_clay":2,"stat.killEntity.ZombieVillager":1,"stat.killEntity.Creeper":4,"stat.drop.mw.m1911":1,"stat.pickup.minecraft.string":3,"stat.pickup.mw.vss_vintorez":3,"stat.pickup.minecraft.furnace":1,"stat.useItem.minecraft.milk_bucket":1,"stat.drop.minecraft.stained_hardened_clay":1,"stat.drop.minecraft.anvil":3,"stat.pickup.minecraft.sandstone_stairs":2,"stat.useItem.spartanweaponry.saber_diamond":6,"stat.sprintOneCm":96479,"stat.pickup.minecraft.skull":1,"stat.drop.minecraft.potion":1,"stat.drop.spartanweaponry.throwing_axe_lead":1,"stat.pickup.minecraft.grass":1,"stat.killEntity.Husk":1,"stat.deaths":1,"stat.drop":25,"stat.pickup.minecraft.egg":8,"stat.playOneMinute":115422,"stat.killEntity.Zombie":15,"stat.drop.minecraft.glass_bottle":2,"stat.mineBlock.minecraft.tallgrass":5,"stat.diveOneCm":8790,"stat.chestOpened":3,"stat.drop.toughasnails.purified_water_bottle":4,"stat.drop.mw.bullet45acp":32,"stat.drop.mw.m45a1mag_2":3,"stat.drop.minecraft.cooked_beef":32,"stat.useItem.minecraft.glass_bottle":1,"stat.useItem.minecraft.potion":2,"stat.pickup.spartanweaponry.throwing_axe_lead":1,"stat.useItem.minecraft.sand":55,"stat.jump":1394,"stat.useItem.spartanweaponry.throwing_axe_lead":2,"stat.fallOneCm":11039,"stat.drop.minecraft.stone_sword":1,"stat.useItem.minecraft.stone_axe":7,"stat.pickup.minecraft.gunpowder":3,"stat.crouchOneCm":774,"stat.mineBlock.minecraft.chest":2,"stat.pickup.minecraft.dirt":39,"stat.killEntity.bandit1":7,"stat.pickup.mw.m45a1mag_2":6,"stat.craftingTableInteraction":3,"stat.useItem.spartanweaponry.katana_diamond":4,"stat.damageTaken":439,"stat.pickup.minecraft.feather":9,"stat.mineBlock.minecraft.furnace":1,"stat.pickup.srparasites.assimilated_flesh":6,"stat.pickup.minecraft.bed":1,"stat.pickup.minecraft.wheat_seeds":1,"stat.useItem.minecraft.stone_pickaxe":1,"stat.mineBlock.minecraft.glass":2,"stat.useItem.minecraft.stone_sword":12,"stat.damageDealt":7631,"stat.killEntity.Rabbit":1,"stat.pickup.mw.remington870":4,"stat.walkOneCm":196736,"stat.useItem.minecraft.lava_bucket":2,"stat.pickup.minecraft.log":3,"stat.drop.spartanweaponry.longbow_electrum":1,"stat.useItem.spartanweaponry.hammer_tin":8,"stat.useItem.spartanweaponry.throwing_knife_tin":8,"stat.pickup.minecraft.tnt":1,"stat.pickup.minecraft.chicken":10,"stat.pickup.spartanweaponry.longbow_electrum":1,"stat.pickup.minecraft.wooden_door":1,"stat.killEntity.Skeleton":1,"stat.killEntity.Chicken":5,"stat.killEntity.Spider":2,"stat.mobKills":75,"stat.pickup.minecraft.book":4,"stat.mineBlock.minecraft.log":3,"stat.sneakTime":909,"stat.drop.firstaid.bandage":3,"stat.drop.minecraft.bucket":1,"stat.drop.minecraft.grass":1,"stat.useItem.minecraft.sandstone":75,"stat.pickup.minecraft.chest":2}