{"stat.drop.toughasnails.purified_water_bottle":4,"stat.leaveGame":11,"stat.drop.mw.bullet45acp":32,"stat.drop.mw.m45a1mag_2":3,"stat.pickup.toughasnails.purified_water_bottle":1,"stat.drop.minecraft.cooked_beef":32,"stat.useItem.minecraft.potion":2,"stat.useItem.spartanweaponry.longsword_diamond":13,"stat.pickup.spartanweaponry.throwing_axe_lead":1,"stat.useItem.minecraft.sand":55,"stat.jump":1005,"stat.swimOneCm":1486,"stat.useItem.spartanweaponry.throwing_axe_lead":2,"stat.fallOneCm":4827,"stat.pickup.minecraft.gunpowder":3,"stat.crouchOneCm":608,"stat.pickup.minecraft.dirt":39,"stat.useItem.minecraft.dirt":127,"stat.killEntity.bandit1":7,"stat.useItem.minecraft.stone_slab2":203,"stat.pickup.mw.m45a1mag_2":6,"stat.craftingTableInteraction":3,"stat.pickup.minecraft.rotten_flesh":7,"stat.pickup.minecraft.sand":32,"stat.useItem.spartanweaponry.katana_diamond":4,"stat.useItem.minecraft.egg":58,"stat.damageTaken":195,"stat.pickup.minecraft.feather":9,"stat.killEntity.Enderman":1,"stat.pickup.srparasites.assimilated_flesh":3,"stat.useItem.spartanweaponry.longbow_electrum":5,"stat.flyOneCm":515879,"stat.pickup.minecraft.sandstone":11,"stat.pickup.minecraft.wheat_seeds":1,"stat.drop.minecraft.wheat_seeds":1,"stat.killEntity.Villager":1,"stat.damageDealt":6303,"stat.killEntity.Rabbit":1,"stat.useItem.spartanweaponry.crossbow_copper":5,"stat.timeSinceDeath":94009,"stat.useItem.minecraft.spawn_egg":5,"stat.pickup.mw.remington870":4,"stat.walkOneCm":143004,"stat.killEntity.ZombieVillager":1,"stat.useItem.minecraft.lava_bucket":2,"stat.killEntity.Creeper":4,"stat.drop.mw.m1911":1,"stat.pickup.minecraft.string":3,"stat.pickup.mw.vss_vintorez":3,"stat.drop.spartanweaponry.longbow_electrum":1,"stat.useItem.spartanweaponry.hammer_tin":8,"stat.useItem.spartanweaponry.throwing_knife_tin":8,"stat.pickup.minecraft.tnt":1,"stat.useItem.minecraft.milk_bucket":1,"stat.pickup.minecraft.chicken":10,"stat.drop.minecraft.anvil":3,"stat.pickup.minecraft.sandstone_stairs":2,"stat.pickup.spartanweaponry.longbow_electrum":1,"stat.useItem.spartanweaponry.saber_diamond":6,"stat.sprintOneCm":56154,"stat.pickup.minecraft.skull":1,"stat.drop.minecraft.potion":1,"stat.killEntity.Skeleton":1,"stat.drop.spartanweaponry.throwing_axe_lead":1,"stat.killEntity.Chicken":5,"stat.pickup.minecraft.grass":1,"stat.killEntity.Spider":2,"stat.killEntity.Husk":1,"stat.mobKills":65,"stat.pickup.minecraft.book":4,"stat.drop":22,"stat.pickup.minecraft.egg":8,"stat.playOneMinute":94009,"stat.sneakTime":834,"stat.drop.firstaid.bandage":3,"stat.killEntity.Zombie":15,"stat.drop.minecraft.glass_bottle":2,"stat.drop.minecraft.grass":1,"stat.mineBlock.minecraft.tallgrass":5,"stat.diveOneCm":945,"stat.useItem.minecraft.sandstone":75}