{"stat.pickup.minecraft.wooden_slab":4,"stat.pickup.vehicle.small_engine":4,"stat.pickup.minecraft.stone_pressure_plate":1,"stat.leaveGame":19,"stat.pickup.toughasnails.purified_water_bottle":1,"stat.mineBlock.minecraft.cobblestone":1,"stat.craftItem.minecraft.iron_axe":1,"stat.mineBlock.minecraft.sandstone":18,"stat.mineBlock.minecraft.stained_glass_pane":4,"stat.useItem.spartanweaponry.longsword_diamond":13,"stat.pickup.mw.m1911":2,"stat.swimOneCm":32280,"stat.pickup.mw.m9mag_2":2,"stat.climbOneCm":3650,"stat.useItem.minecraft.planks":3,"stat.pickup.minecraft.porkchop":14,"stat.useItem.minecraft.dirt":132,"stat.useItem.minecraft.stone_slab2":429,"stat.pickup.minecraft.bow":1,"stat.entityKilledBy.bandit1":3,"stat.useItem.minecraft.water_bucket":4,"stat.drop.travelersbackpack.travelers_backpack":1,"stat.pickup.minecraft.rotten_flesh":409,"stat.pickup.minecraft.sand":32,"stat.useItem.minecraft.egg":59,"stat.craftItem.minecraft.iron_boots":1,"stat.pickup.minecraft.cobblestone_wall":6,"stat.pickup.minecraft.bucket":1,"stat.killEntity.Enderman":1,"stat.pickup.minecraft.cobblestone":269,"stat.mineBlock.minecraft.wooden_slab":1,"stat.pickup.mw.bullet45acp":31,"stat.useItem.spartanweaponry.longbow_electrum":5,"stat.flyOneCm":1598938,"stat.pickup.minecraft.sandstone":31,"stat.pickup.minecraft.glass_bottle":2,"stat.killEntity.Witch":1,"stat.pickup.mw.sccy_cpx_2":1,"stat.drop.minecraft.wheat_seeds":1,"stat.useItem.minecraft.cooked_beef":5,"stat.pickup.vehicle.wheel":5,"stat.killEntity.Villager":1,"stat.useItem.spartanweaponry.crossbow_copper":5,"stat.timeSinceDeath":112122,"stat.useItem.minecraft.spawn_egg":5,"stat.pickup.minecraft.stained_hardened_clay":2,"stat.useItem.minecraft.wooden_slab":2,"stat.drop.mw.remington870":1,"stat.drop.minecraft.coal":64,"stat.trappedChestTriggered":9,"stat.pickup.minecraft.dark_oak_door":2,"stat.pickup.minecraft.stonebrick":1,"stat.furnaceInteraction":5,"stat.drop.minecraft.dirt":3,"stat.killEntity.ZombieVillager":1,"stat.pickup.srparasites.lurecomponent1":52,"stat.killEntity.Creeper":4,"stat.drop.mw.m1911":1,"stat.pickup.minecraft.string":5,"stat.pickup.mw.vss_vintorez":12,"stat.pickup.minecraft.furnace":128,"stat.useItem.minecraft.milk_bucket":1,"stat.drop.minecraft.stained_hardened_clay":1,"stat.entityKilledBy.Skeleton":1,"stat.drop.minecraft.anvil":3,"stat.pickup.minecraft.sandstone_stairs":2,"stat.useItem.spartanweaponry.saber_diamond":6,"stat.sprintOneCm":238191,"stat.pickup.minecraft.skull":1,"stat.useItem.spartanweaponry.saber_iron":4,"stat.craftItem.minecraft.stick":4,"stat.drop.minecraft.potion":1,"stat.drop.spartanweaponry.throwing_axe_lead":1,"stat.pickup.mw.bullet9x19mm":96,"stat.pickup.minecraft.grass":1,"stat.killEntity.Husk":1,"stat.drop.minecraft.cobblestone_wall":1,"stat.deaths":6,"stat.mineBlock.minecraft.planks":1,"stat.drop":49,"stat.pickup.minecraft.egg":9,"stat.playOneMinute":265744,"stat.mineBlock.minecraft.stone_pressure_plate":1,"stat.craftItem.minecraft.iron_pickaxe":1,"stat.killEntity.Zombie":28,"stat.drop.minecraft.glass_bottle":2,"stat.drop.minecraft.iron_ingot":3,"stat.mineBlock.minecraft.tallgrass":10,"stat.diveOneCm":33879,"stat.chestOpened":17,"stat.drop.srparasites.lurecomponent1":6,"stat.drop.toughasnails.purified_water_bottle":4,"stat.useItem.minecraft.stone":9,"stat.drop.mw.bullet45acp":32,"stat.pickup.minecraft.arrow":2,"stat.drop.mw.m45a1mag_2":3,"stat.drop.minecraft.cooked_beef":32,"stat.useItem.minecraft.glass_bottle":1,"stat.useItem.minecraft.diamond_axe":4,"stat.useItem.minecraft.potion":2,"stat.pickup.spartanweaponry.throwing_axe_lead":1,"stat.useItem.minecraft.sand":55,"stat.jump":3372,"stat.useItem.spartanweaponry.throwing_axe_lead":2,"stat.pickup.minecraft.coal":1024,"stat.fallOneCm":26148,"stat.pickup.minecraft.iron_ingot":106,"stat.drop.minecraft.stone":8,"stat.drop.minecraft.stone_sword":1,"stat.useItem.minecraft.stone_axe":145,"stat.pickup.minecraft.gunpowder":4,"stat.crouchOneCm":4681,"stat.mineBlock.minecraft.chest":2,"stat.craftItem.minecraft.iron_ingot":3,"stat.pickup.minecraft.dirt":43,"stat.craftItem.minecraft.iron_helmet":1,"stat.killEntity.bandit1":31,"stat.pickup.mw.m45a1mag_2":6,"stat.craftingTableInteraction":12,"stat.useItem.spartanweaponry.katana_diamond":17,"stat.mineBlock.minecraft.log2":14,"stat.damageTaken":2102,"stat.pickup.minecraft.feather":9,"stat.pickup.vehicle.industrial_jerry_can":1,"stat.mineBlock.minecraft.furnace":3,"stat.drop.minecraft.water_bucket":2,"stat.pickup.srparasites.assimilated_flesh":13,"stat.pickup.minecraft.log2":14,"stat.pickup.minecraft.planks":1,"stat.useItem.spartanweaponry.dagger_wood":5,"stat.entityKilledBy.ZombieVillager":1,"stat.pickup.minecraft.bed":1,"stat.pickup.minecraft.wheat_seeds":2,"stat.useItem.minecraft.stone_pickaxe":50,"stat.mineBlock.minecraft.glass":2,"stat.useItem.minecraft.stone_sword":28,"stat.craftItem.minecraft.iron_leggings":1,"stat.damageDealt":20918,"stat.killEntity.Rabbit":1,"stat.mineBlock.minecraft.dirt":1,"stat.killEntity.Pig":8,"stat.pickup.mw.remington870":11,"stat.walkOneCm":374917,"stat.playerKills":6,"stat.useItem.minecraft.chest":3,"stat.drop.minecraft.rotten_flesh":2,"stat.useItem.minecraft.cobblestone":11,"stat.craftItem.minecraft.crafting_table":1,"stat.pickup.mw.sccy_cpx_2_mag":4,"stat.useItem.minecraft.lava_bucket":4,"stat.pickup.minecraft.log":3,"stat.drop.spartanweaponry.longbow_electrum":1,"stat.useItem.spartanweaponry.hammer_tin":8,"stat.useItem.spartanweaponry.throwing_knife_tin":8,"stat.pickup.minecraft.tnt":2,"stat.useItem.spartanweaponry.hammer_diamond":40,"stat.pickup.minecraft.stone":23,"stat.craftItem.minecraft.iron_chestplate":1,"stat.pickup.minecraft.chicken":10,"stat.pickup.spartanweaponry.longbow_electrum":1,"stat.pickup.minecraft.wooden_door":1,"stat.killEntity.Skeleton":5,"stat.mineBlock.minecraft.stonebrick":1,"stat.craftItem.minecraft.planks":12,"stat.killEntity.Chicken":5,"stat.killEntity.Spider":5,"stat.mobKills":198,"stat.pickup.minecraft.book":4,"stat.mineBlock.minecraft.log":4,"stat.useItem.minecraft.cobblestone_wall":2,"stat.sneakTime":3822,"stat.pickup.minecraft.wool":4,"stat.mineBlock.minecraft.cobblestone_wall":5,"stat.drop.firstaid.bandage":11,"stat.drop.minecraft.bucket":1,"stat.drop.minecraft.arrow":1,"stat.pickup.minecraft.yellow_flower":1,"stat.drop.minecraft.grass":1,"stat.mineBlock.minecraft.stone":21,"stat.drop.tconstruct.book":1,"stat.useItem.minecraft.sandstone":79,"stat.pickup.minecraft.chest":2}