{"stat.chestOpened":1,"stat.useItem.spartanweaponry.battleaxe_diamond":2,"stat.pickup.spartanweaponry.parrying_dagger_diamond":1,"stat.pickup.vehicle.small_engine":1,"stat.leaveGame":7,"stat.pickup.minecraft.arrow":1,"stat.pickup.minecraft.iron_sword":1,"stat.jump":364,"stat.swimOneCm":1188,"stat.fallOneCm":6193,"stat.pickup.minecraft.iron_ingot":63,"stat.pickup.minecraft.porkchop":2,"stat.crouchOneCm":48,"stat.pickup.minecraft.dirt":7,"stat.useItem.minecraft.dirt":6,"stat.useItem.minecraft.stone_slab2":5,"stat.pickup.minecraft.bow":1,"stat.pickup.minecraft.rotten_flesh":5,"stat.pickup.minecraft.sand":4,"stat.killEntity.jenny":1,"stat.pickup.minecraft.leather":2,"stat.damageTaken":1028,"stat.useItem.spartanweaponry.parrying_dagger_diamond":7,"stat.pickup.minecraft.reeds":2,"stat.flyOneCm":67131,"stat.pickup.vehicle.wheel":1,"stat.killEntity.Villager":6,"stat.damageDealt":1440,"stat.pickup.minecraft.redstone":5,"stat.timeSinceDeath":9781,"stat.killEntity.Cow":4,"stat.useItem.minecraft.spawn_egg":6,"stat.walkOneCm":39601,"stat.useItem.minecraft.tnt":31,"stat.killEntity.Creeper":3,"stat.pickup.vehicle.panel":6,"stat.pickup.minecraft.beef":4,"stat.killEntity.Squid":2,"stat.sprintOneCm":13740,"stat.useItem.minecraft.stained_glass":5,"stat.killEntity.Skeleton":3,"stat.killEntity.Chicken":1,"stat.mobKills":27,"stat.deaths":2,"stat.playOneMinute":29753,"stat.killEntity.Sheep":3,"stat.sneakTime":156,"stat.pickup.minecraft.wool":4,"stat.killEntity.Zombie":4,"stat.pickup.minecraft.iron_bars":2,"stat.diveOneCm":7964}