{"stat.drop.srparasites.lurecomponent1":2,"stat.leaveGame":2,"stat.mineBlock.minecraft.deadbush":4,"stat.mineBlock.srparasites.gore":7,"stat.entityKilledBy.Pig":1,"stat.pickup.mw.m1911":3,"stat.swimOneCm":15466,"stat.jump":1190,"stat.useItem.minecraft.sand":16,"stat.useItem.minecraft.planks":43,"stat.fallOneCm":34707,"stat.climbOneCm":1244,"stat.pickup.firstaid.bandage":16,"stat.pickup.minecraft.porkchop":2,"stat.crouchOneCm":1906,"stat.pickup.minecraft.dirt":36,"stat.useItem.minecraft.dirt":21,"stat.useItem.minecraft.stone_slab2":8,"stat.entityKilledBy.bandit1":3,"stat.useItem.minecraft.water_bucket":2,"stat.craftingTableInteraction":1,"stat.pickup.mw.m45a1mag_2":2,"stat.pickup.minecraft.sand":22,"stat.useItem.minecraft.egg":2,"stat.mineBlock.minecraft.leaves2":1,"stat.mineBlock.minecraft.log2":6,"stat.damageTaken":5261,"stat.useItem.minecraft.wooden_pickaxe":4,"stat.craftItem.minecraft.wooden_sword":1,"stat.pickup.srparasites.assimilated_flesh":2,"stat.pickup.minecraft.log2":6,"stat.pickup.minecraft.planks":15,"stat.pickup.mw.bullet45acp":64,"stat.flyOneCm":149752,"stat.pickup.minecraft.wheat_seeds":38,"stat.mineBlock.minecraft.sand":22,"stat.pickup.minecraft.potato":3,"stat.drop.minecraft.wheat_seeds":1,"stat.entityKilledBy.Zombie":1,"stat.useItem.minecraft.cooked_beef":1,"stat.damageDealt":422,"stat.timeSinceDeath":0,"stat.mineBlock.minecraft.dirt":19,"stat.craftItem.minecraft.wooden_pickaxe":1,"stat.killEntity.Pig":1,"stat.pickup.minecraft.double_plant":1,"stat.walkOneCm":158418,"stat.pickup.minecraft.stick":1,"stat.drop.minecraft.porkchop":1,"stat.pickup.minecraft.crafting_table":1,"stat.craftItem.minecraft.crafting_table":1,"stat.furnaceInteraction":1,"stat.mineBlock.minecraft.double_plant":1,"stat.pickup.srparasites.lurecomponent1":2,"stat.pickup.minecraft.wooden_sword":1,"stat.drop.mw.m1911":2,"stat.pickup.minecraft.log":12,"stat.sprintOneCm":150001,"stat.pickup.minecraft.cooked_beef":32,"stat.drop.srparasites.assimilated_flesh":2,"stat.craftItem.minecraft.stick":8,"stat.craftItem.minecraft.planks":72,"stat.useItem.minecraft.wheat_seeds":20,"stat.mineBlock.minecraft.crafting_table":1,"stat.killEntity.Husk":1,"stat.mobKills":3,"stat.mineBlock.minecraft.log":12,"stat.mineBlock.minecraft.planks":1,"stat.deaths":25,"stat.pickup.minecraft.water_bucket":1,"stat.drop":8,"stat.pickup.minecraft.egg":2,"stat.mineBlock.minecraft.leaves":1,"stat.playOneMinute":67637,"stat.useItem.minecraft.wooden_sword":38,"stat.sneakTime":434,"stat.mineBlock.minecraft.tallgrass":57,"stat.diveOneCm":24215,"stat.pickup.minecraft.wheat":12}