{"stat.walkOneCm":39968,"stat.craftItem.minecraft.planks":44,"stat.useItem.minecraft.egg":1,"stat.useItem.minecraft.wheat_seeds":20,"stat.pickup.minecraft.crafting_table":1,"stat.mineBlock.minecraft.crafting_table":1,"stat.damageTaken":1368,"stat.craftItem.minecraft.crafting_table":1,"stat.killEntity.Husk":1,"stat.useItem.minecraft.wooden_pickaxe":4,"stat.mineBlock.srparasites.gore":7,"stat.mobKills":2,"stat.craftItem.minecraft.wooden_sword":1,"stat.mineBlock.minecraft.log":11,"stat.pickup.minecraft.planks":6,"stat.pickup.minecraft.log":11,"stat.flyOneCm":27025,"stat.mineBlock.minecraft.planks":1,"stat.deaths":7,"stat.pickup.minecraft.wheat_seeds":35,"stat.drop":1,"stat.jump":283,"stat.swimOneCm":3374,"stat.pickup.minecraft.egg":1,"stat.pickup.minecraft.potato":3,"stat.playOneMinute":16244,"stat.fallOneCm":7954,"stat.useItem.minecraft.planks":8,"stat.useItem.minecraft.wooden_sword":34,"stat.drop.minecraft.wheat_seeds":1,"stat.sneakTime":109,"stat.damageDealt":292,"stat.crouchOneCm":476,"stat.timeSinceDeath":106,"stat.sprintOneCm":30193,"stat.mineBlock.minecraft.dirt":1,"stat.useItem.minecraft.stone_slab2":1,"stat.craftItem.minecraft.wooden_pickaxe":1,"stat.mineBlock.minecraft.tallgrass":12,"stat.entityKilledBy.bandit1":1,"stat.diveOneCm":4452,"stat.craftItem.minecraft.stick":8,"stat.pickup.minecraft.wheat":12,"stat.craftingTableInteraction":1}