{"stat.pickup.minecraft.double_plant":1,"stat.walkOneCm":116319,"stat.drop.srparasites.lurecomponent1":2,"stat.drop.minecraft.porkchop":1,"stat.pickup.minecraft.crafting_table":1,"stat.craftItem.minecraft.crafting_table":1,"stat.mineBlock.srparasites.gore":7,"stat.pickup.srparasites.lurecomponent1":2,"stat.pickup.minecraft.wooden_sword":1,"stat.drop.mw.m1911":2,"stat.pickup.minecraft.log":12,"stat.pickup.mw.m1911":3,"stat.swimOneCm":13610,"stat.jump":822,"stat.useItem.minecraft.planks":43,"stat.fallOneCm":24783,"stat.climbOneCm":1244,"stat.pickup.firstaid.bandage":16,"stat.pickup.minecraft.porkchop":2,"stat.crouchOneCm":840,"stat.pickup.minecraft.dirt":34,"stat.useItem.minecraft.dirt":21,"stat.sprintOneCm":78412,"stat.useItem.minecraft.stone_slab2":8,"stat.pickup.minecraft.cooked_beef":32,"stat.drop.srparasites.assimilated_flesh":2,"stat.entityKilledBy.bandit1":2,"stat.craftItem.minecraft.stick":8,"stat.useItem.minecraft.water_bucket":2,"stat.craftingTableInteraction":1,"stat.pickup.mw.m45a1mag_2":2,"stat.craftItem.minecraft.planks":68,"stat.useItem.minecraft.egg":2,"stat.useItem.minecraft.wheat_seeds":20,"stat.mineBlock.minecraft.leaves2":1,"stat.mineBlock.minecraft.log2":5,"stat.mineBlock.minecraft.crafting_table":1,"stat.damageTaken":4295,"stat.killEntity.Husk":1,"stat.useItem.minecraft.wooden_pickaxe":4,"stat.mobKills":3,"stat.craftItem.minecraft.wooden_sword":1,"stat.pickup.srparasites.assimilated_flesh":2,"stat.mineBlock.minecraft.log":12,"stat.pickup.minecraft.log2":5,"stat.pickup.minecraft.planks":15,"stat.pickup.mw.bullet45acp":64,"stat.flyOneCm":87286,"stat.mineBlock.minecraft.planks":1,"stat.deaths":19,"stat.pickup.minecraft.water_bucket":1,"stat.pickup.minecraft.wheat_seeds":35,"stat.drop":8,"stat.pickup.minecraft.egg":2,"stat.pickup.minecraft.potato":3,"stat.playOneMinute":52244,"stat.useItem.minecraft.wooden_sword":38,"stat.drop.minecraft.wheat_seeds":1,"stat.useItem.minecraft.cooked_beef":1,"stat.sneakTime":208,"stat.damageDealt":419,"stat.timeSinceDeath":13695,"stat.mineBlock.minecraft.dirt":18,"stat.craftItem.minecraft.wooden_pickaxe":1,"stat.killEntity.Pig":1,"stat.mineBlock.minecraft.tallgrass":18,"stat.diveOneCm":23801,"stat.pickup.minecraft.wheat":12}