{"stat.pickup.minecraft.double_plant":1,"stat.walkOneCm":82668,"stat.drop.srparasites.lurecomponent1":2,"stat.pickup.minecraft.crafting_table":1,"stat.craftItem.minecraft.crafting_table":1,"stat.mineBlock.srparasites.gore":7,"stat.pickup.srparasites.lurecomponent1":2,"stat.drop.mw.m1911":1,"stat.pickup.minecraft.log":12,"stat.pickup.mw.m1911":2,"stat.swimOneCm":12478,"stat.jump":656,"stat.useItem.minecraft.planks":24,"stat.fallOneCm":20020,"stat.pickup.firstaid.bandage":16,"stat.crouchOneCm":476,"stat.pickup.minecraft.dirt":19,"stat.useItem.minecraft.dirt":5,"stat.sprintOneCm":66612,"stat.useItem.minecraft.stone_slab2":2,"stat.pickup.minecraft.cooked_beef":32,"stat.drop.srparasites.assimilated_flesh":2,"stat.entityKilledBy.bandit1":2,"stat.craftItem.minecraft.stick":8,"stat.craftingTableInteraction":1,"stat.pickup.mw.m45a1mag_2":2,"stat.craftItem.minecraft.planks":48,"stat.useItem.minecraft.egg":2,"stat.useItem.minecraft.wheat_seeds":20,"stat.mineBlock.minecraft.crafting_table":1,"stat.damageTaken":4094,"stat.killEntity.Husk":1,"stat.useItem.minecraft.wooden_pickaxe":4,"stat.mobKills":2,"stat.craftItem.minecraft.wooden_sword":1,"stat.pickup.srparasites.assimilated_flesh":2,"stat.mineBlock.minecraft.log":12,"stat.pickup.minecraft.planks":15,"stat.flyOneCm":74198,"stat.mineBlock.minecraft.planks":1,"stat.deaths":19,"stat.pickup.minecraft.wheat_seeds":35,"stat.drop":6,"stat.pickup.minecraft.egg":2,"stat.pickup.minecraft.potato":3,"stat.playOneMinute":40544,"stat.useItem.minecraft.wooden_sword":34,"stat.drop.minecraft.wheat_seeds":1,"stat.sneakTime":137,"stat.damageDealt":319,"stat.timeSinceDeath":1995,"stat.mineBlock.minecraft.dirt":9,"stat.craftItem.minecraft.wooden_pickaxe":1,"stat.mineBlock.minecraft.tallgrass":15,"stat.diveOneCm":22820,"stat.pickup.minecraft.wheat":12}