{"stat.pickup.minecraft.double_plant":1,"stat.walkOneCm":119678,"stat.drop.srparasites.lurecomponent1":2,"stat.pickup.minecraft.stick":1,"stat.drop.minecraft.porkchop":1,"stat.leaveGame":1,"stat.pickup.minecraft.crafting_table":1,"stat.craftItem.minecraft.crafting_table":1,"stat.mineBlock.minecraft.double_plant":1,"stat.mineBlock.minecraft.deadbush":4,"stat.mineBlock.srparasites.gore":7,"stat.pickup.srparasites.lurecomponent1":2,"stat.pickup.minecraft.wooden_sword":1,"stat.drop.mw.m1911":2,"stat.pickup.minecraft.log":12,"stat.entityKilledBy.Pig":1,"stat.pickup.mw.m1911":3,"stat.swimOneCm":13622,"stat.jump":937,"stat.useItem.minecraft.planks":43,"stat.fallOneCm":27825,"stat.climbOneCm":1244,"stat.pickup.firstaid.bandage":16,"stat.pickup.minecraft.porkchop":2,"stat.crouchOneCm":840,"stat.pickup.minecraft.dirt":36,"stat.useItem.minecraft.dirt":21,"stat.sprintOneCm":104259,"stat.useItem.minecraft.stone_slab2":8,"stat.pickup.minecraft.cooked_beef":32,"stat.drop.srparasites.assimilated_flesh":2,"stat.entityKilledBy.bandit1":3,"stat.craftItem.minecraft.stick":8,"stat.useItem.minecraft.water_bucket":2,"stat.craftingTableInteraction":1,"stat.pickup.mw.m45a1mag_2":2,"stat.pickup.minecraft.sand":9,"stat.craftItem.minecraft.planks":68,"stat.useItem.minecraft.egg":2,"stat.useItem.minecraft.wheat_seeds":20,"stat.mineBlock.minecraft.leaves2":1,"stat.mineBlock.minecraft.log2":5,"stat.mineBlock.minecraft.crafting_table":1,"stat.damageTaken":4765,"stat.killEntity.Husk":1,"stat.useItem.minecraft.wooden_pickaxe":4,"stat.mobKills":3,"stat.craftItem.minecraft.wooden_sword":1,"stat.pickup.srparasites.assimilated_flesh":2,"stat.mineBlock.minecraft.log":12,"stat.pickup.minecraft.log2":5,"stat.pickup.minecraft.planks":15,"stat.pickup.mw.bullet45acp":64,"stat.flyOneCm":117482,"stat.mineBlock.minecraft.planks":1,"stat.deaths":22,"stat.pickup.minecraft.water_bucket":1,"stat.pickup.minecraft.wheat_seeds":37,"stat.drop":8,"stat.pickup.minecraft.egg":2,"stat.mineBlock.minecraft.sand":9,"stat.pickup.minecraft.potato":3,"stat.playOneMinute":56606,"stat.useItem.minecraft.wooden_sword":38,"stat.drop.minecraft.wheat_seeds":1,"stat.useItem.minecraft.cooked_beef":1,"stat.sneakTime":223,"stat.damageDealt":419,"stat.timeSinceDeath":0,"stat.mineBlock.minecraft.dirt":18,"stat.craftItem.minecraft.wooden_pickaxe":1,"stat.killEntity.Pig":1,"stat.mineBlock.minecraft.tallgrass":50,"stat.diveOneCm":24215,"stat.pickup.minecraft.wheat":12}