{"stat.pickup.tconstruct.book":2,"stat.chestOpened":2,"stat.walkOneCm":94466,"stat.playerKills":1,"stat.pickup.minecraft.gravel":2,"stat.craftItem.minecraft.crafting_table":1,"stat.mineBlock.minecraft.double_plant":1,"stat.mineBlock.srparasites.gore":1,"stat.entityKilledBy.Pig":1,"stat.pickup.mw.vss_vintorez":1,"stat.jump":687,"stat.swimOneCm":5714,"stat.climbOneCm":564,"stat.fallOneCm":16069,"stat.useItem.minecraft.planks":1,"stat.pickup.firstaid.bandage":8,"stat.drop.minecraft.planks":9,"stat.drop.minecraft.wooden_sword":1,"stat.pickup.minecraft.porkchop":9,"stat.crouchOneCm":400,"stat.craftItem.minecraft.chest":1,"stat.pickup.minecraft.dirt":95,"stat.useItem.minecraft.dirt":51,"stat.sprintOneCm":94484,"stat.useItem.minecraft.stone_slab2":7,"stat.entityKilledBy.bandit1":8,"stat.craftItem.minecraft.stick":4,"stat.useItem.minecraft.water_bucket":11,"stat.craftingTableInteraction":3,"stat.pickup.minecraft.rotten_flesh":2,"stat.pickup.minecraft.sand":9,"stat.craftItem.minecraft.planks":24,"stat.mineBlock.minecraft.log2":6,"stat.damageTaken":3717,"stat.useItem.minecraft.wooden_pickaxe":13,"stat.mobKills":8,"stat.pickup.minecraft.cobblestone":13,"stat.pickup.srparasites.assimilated_flesh":1,"stat.craftItem.minecraft.wooden_sword":2,"stat.pickup.minecraft.log2":6,"stat.pickup.minecraft.reeds":12,"stat.flyOneCm":120031,"stat.pickup.minecraft.bed":2,"stat.deaths":17,"stat.drop":11,"stat.pickup.minecraft.wheat_seeds":5,"stat.mineBlock.minecraft.sand":11,"stat.playOneMinute":30484,"stat.useItem.minecraft.wooden_sword":21,"stat.sneakTime":247,"stat.damageDealt":748,"stat.killEntity.Zombie":3,"stat.timeSinceDeath":7515,"stat.mineBlock.minecraft.dirt":19,"stat.drop.tconstruct.book":1,"stat.killEntity.Pig":5,"stat.craftItem.minecraft.wooden_pickaxe":1,"stat.mineBlock.minecraft.stone":13,"stat.mineBlock.minecraft.tallgrass":8,"stat.diveOneCm":7143,"stat.pickup.mw.remington870":1}