{"stat.pickup.tconstruct.book":2,"stat.walkOneCm":56134,"stat.playerKills":1,"stat.craftItem.minecraft.planks":12,"stat.mineBlock.minecraft.log2":3,"stat.damageTaken":2032,"stat.craftItem.minecraft.crafting_table":1,"stat.mineBlock.minecraft.double_plant":1,"stat.mobKills":4,"stat.pickup.srparasites.assimilated_flesh":1,"stat.craftItem.minecraft.wooden_sword":2,"stat.pickup.minecraft.log2":3,"stat.entityKilledBy.Pig":1,"stat.flyOneCm":63981,"stat.deaths":9,"stat.drop":11,"stat.pickup.minecraft.wheat_seeds":5,"stat.jump":375,"stat.mineBlock.minecraft.sand":1,"stat.swimOneCm":3554,"stat.playOneMinute":17884,"stat.fallOneCm":8662,"stat.climbOneCm":564,"stat.useItem.minecraft.wooden_sword":6,"stat.useItem.minecraft.planks":1,"stat.pickup.firstaid.bandage":8,"stat.sneakTime":135,"stat.damageDealt":386,"stat.drop.minecraft.planks":9,"stat.drop.minecraft.wooden_sword":1,"stat.pickup.minecraft.porkchop":8,"stat.crouchOneCm":193,"stat.timeSinceDeath":3751,"stat.pickup.minecraft.dirt":87,"stat.useItem.minecraft.dirt":14,"stat.sprintOneCm":49278,"stat.mineBlock.minecraft.dirt":17,"stat.useItem.minecraft.stone_slab2":4,"stat.drop.tconstruct.book":1,"stat.killEntity.Pig":4,"stat.mineBlock.minecraft.tallgrass":3,"stat.diveOneCm":3950,"stat.craftItem.minecraft.stick":4,"stat.useItem.minecraft.water_bucket":4,"stat.craftingTableInteraction":1}