{"stat.pickup.tconstruct.book":2,"stat.leaveGame":2,"stat.mineBlock.srparasites.gore":1,"stat.swimOneCm":11589,"stat.climbOneCm":3954,"stat.useItem.minecraft.planks":3,"stat.pickup.firstaid.bandage":8,"stat.pickup.minecraft.porkchop":21,"stat.useItem.minecraft.dirt":59,"stat.useItem.minecraft.stone_slab2":15,"stat.entityKilledBy.bandit1":8,"stat.useItem.minecraft.water_bucket":13,"stat.pickup.minecraft.rotten_flesh":7,"stat.pickup.minecraft.sand":9,"stat.craftItem.minecraft.furnace":1,"stat.entityKilledBy.Spider":1,"stat.craftItem.minecraft.stone_pickaxe":1,"stat.pickup.minecraft.cobblestone":17,"stat.craftItem.minecraft.stone_sword":1,"stat.flyOneCm":149349,"stat.mineBlock.minecraft.sand":11,"stat.timeSinceDeath":13443,"stat.pickup.minecraft.stained_hardened_clay":4,"stat.craftItem.minecraft.wooden_pickaxe":1,"stat.pickup.minecraft.stonebrick":3,"stat.furnaceInteraction":13,"stat.mineBlock.minecraft.coal_ore":23,"stat.pickup.minecraft.string":4,"stat.pickup.mw.vss_vintorez":1,"stat.pickup.minecraft.furnace":1,"stat.craftItem.minecraft.stone_slab2":0,"stat.sprintOneCm":141665,"stat.mineBlock.minecraft.stone_slab":1,"stat.craftItem.minecraft.stick":12,"stat.craftItem.minecraft.wooden_axe":1,"stat.useItem.minecraft.stone_slab":1,"stat.deaths":21,"stat.mineBlock.minecraft.planks":1,"stat.drop":11,"stat.playOneMinute":54365,"stat.useItem.minecraft.wooden_sword":48,"stat.killEntity.Zombie":9,"stat.mineBlock.minecraft.tallgrass":22,"stat.craftItem.forge.bucketfilled":6,"stat.diveOneCm":8122,"stat.chestOpened":9,"stat.pickup.minecraft.gravel":2,"stat.entityKilledBy.Pig":1,"stat.jump":951,"stat.pickup.minecraft.coal":43,"stat.fallOneCm":20165,"stat.drop.minecraft.wooden_sword":1,"stat.crouchOneCm":684,"stat.pickup.minecraft.spider_eye":1,"stat.craftItem.minecraft.chest":1,"stat.pickup.minecraft.dirt":131,"stat.craftingTableInteraction":14,"stat.mineBlock.minecraft.log2":10,"stat.damageTaken":4707,"stat.useItem.minecraft.wooden_pickaxe":13,"stat.pickup.srparasites.assimilated_flesh":1,"stat.craftItem.minecraft.wooden_sword":2,"stat.pickup.minecraft.log2":10,"stat.pickup.minecraft.planks":1,"stat.pickup.minecraft.reeds":12,"stat.pickup.minecraft.bed":2,"stat.pickup.minecraft.wheat_seeds":8,"stat.useItem.forge.bucketfilled":4,"stat.entityKilledBy.Zombie":3,"stat.useItem.minecraft.stone_pickaxe":26,"stat.useItem.minecraft.stone_sword":11,"stat.damageDealt":2570,"stat.craftItem.minecraft.glass":2,"stat.mineBlock.minecraft.dirt":25,"stat.killEntity.Pig":5,"stat.pickup.mw.remington870":1,"stat.walkOneCm":158109,"stat.playerKills":1,"stat.pickup.minecraft.stick":3,"stat.useItem.minecraft.cobblestone":3,"stat.craftItem.minecraft.crafting_table":1,"stat.useItem.minecraft.gravel":1,"stat.mineBlock.minecraft.double_plant":1,"stat.drop.minecraft.planks":9,"stat.useItem.minecraft.stained_hardened_clay":2,"stat.pickup.minecraft.sapling":1,"stat.craftItem.minecraft.planks":32,"stat.killEntity.Spider":4,"stat.mobKills":19,"stat.useItem.minecraft.stonebrick":2,"stat.sneakTime":527,"stat.pickup.minecraft.stone_slab":2,"stat.useItem.minecraft.wooden_axe":2,"stat.drop.tconstruct.book":1,"stat.mineBlock.minecraft.stone":13}