{"stat.pickup.tconstruct.book":2,"stat.leaveGame":19,"stat.pickup.tconstruct.edible":34,"stat.mineBlock.minecraft.sandstone":33,"stat.useItem.minecraft.planks":5,"stat.pickup.firstaid.bandage":28,"stat.pickup.minecraft.porkchop":70,"stat.pickup.tconstruct.slimesling":2,"stat.entityKilledBy.bandit1":23,"stat.useItem.minecraft.water_bucket":21,"stat.drop.minecraft.iron_sword":1,"stat.pickup.minecraft.rotten_flesh":460,"stat.pickup.minecraft.sand":129,"stat.entityKilledBy.Spider":2,"stat.pickup.mw.leadore":64,"stat.pickup.mw.p2022mag":2,"stat.craftItem.minecraft.stone_sword":1,"stat.craftItem.minecraft.iron_shovel":1,"stat.mineBlock.minecraft.sand":120,"stat.craftItem.mw.copperingot":16,"stat.pickup.minecraft.stained_hardened_clay":45,"stat.craftItem.minecraft.wooden_pickaxe":1,"stat.useItem.minecraft.iron_shovel":108,"stat.pickup.minecraft.double_plant":22,"stat.trappedChestTriggered":13,"stat.mineBlock.mw.copperore":15,"stat.furnaceInteraction":74,"stat.killEntity.ZombieVillager":1,"stat.pickup.srparasites.lurecomponent1":6,"stat.pickup.mw.vss_vintorez":48,"stat.useItem.minecraft.double_plant":16,"stat.pickup.toughasnails.campfire":27,"stat.pickup.minecraft.beef":9,"stat.pickup.minecraft.furnace":2,"stat.mineBlock.minecraft.stained_hardened_clay":3,"stat.drop.mw.p2022":2,"stat.useItem.minecraft.fence":1,"stat.useItem.mw.bullet45acp":1,"stat.pickup.minecraft.stone_stairs":1,"stat.pickup.mw.bullet9x19mm":32,"stat.craftItem.toughasnails.purified_water_bottle":12,"stat.pickup.minecraft.potion":26,"stat.killEntity.Husk":5,"stat.pickup.minecraft.saddle":1,"stat.deaths":62,"stat.playOneMinute":247077,"stat.mineBlock.minecraft.stone_pressure_plate":2,"stat.drop.minecraft.string":2,"stat.pickup.minecraft.iron_bars":2,"stat.drop.minecraft.glass_bottle":1,"stat.mineBlock.minecraft.tallgrass":59,"stat.craftItem.minecraft.cooked_mutton":4,"stat.useItem.mw.p2022":7,"stat.chestOpened":21,"stat.drop.srparasites.lurecomponent1":2,"stat.drop.toughasnails.purified_water_bottle":3,"stat.useItem.minecraft.stone":3,"stat.pickup.minecraft.iron_sword":1,"stat.pickup.minecraft.arrow":1,"stat.pickup.mw.p2022":4,"stat.fallOneCm":69098,"stat.drop.minecraft.stone":5,"stat.pickup.minecraft.carrot":14,"stat.drop.minecraft.stone_sword":1,"stat.crouchOneCm":3028,"stat.craftItem.minecraft.chest":2,"stat.craftItem.minecraft.iron_ingot":24,"stat.craftingTableInteraction":32,"stat.mineBlock.minecraft.log2":10,"stat.pickup.minecraft.feather":40,"stat.craftItem.minecraft.wooden_sword":2,"stat.pickup.minecraft.planks":3,"stat.pickup.minecraft.wheat_seeds":62,"stat.useItem.minecraft.stone_pickaxe":119,"stat.mineBlock.minecraft.glass":4,"stat.useItem.minecraft.stone_sword":52,"stat.craftItem.minecraft.iron_leggings":1,"stat.craftItem.mw.bullet9x39mm":16,"stat.mineBlock.minecraft.dirt":94,"stat.pickup.mw.remington870":1,"stat.useItem.minecraft.torch":22,"stat.pickup.mw.copperore":117,"stat.drop.minecraft.rotten_flesh":6,"stat.useItem.minecraft.log":2,"stat.useItem.minecraft.cobblestone":29,"stat.craftItem.minecraft.crafting_table":4,"stat.useItem.minecraft.gravel":1,"stat.mineBlock.minecraft.double_plant":21,"stat.pickup.minecraft.log":31,"stat.drop.minecraft.planks":9,"stat.drop.minecraft.sapling":2,"stat.pickup.mw.bullet9x39mm":64,"stat.pickup.minecraft.chicken":8,"stat.pickup.minecraft.sapling":22,"stat.pickup.minecraft.wooden_door":2,"stat.killEntity.slime":1,"stat.craftItem.mw.bullet9x19mm":16,"stat.craftItem.minecraft.planks":80,"stat.useItem.minecraft.iron_sword":163,"stat.pickup.mw.tinore":10,"stat.useItem.minecraft.stonebrick":2,"stat.mineBlock.minecraft.log":6,"stat.pickup.mw.copperingot":15,"stat.drop.tconstruct.edible":1,"stat.pickup.tconstruct.slime_boots":1,"stat.sneakTime":2052,"stat.pickup.minecraft.wool":4,"stat.pickup.minecraft.stone_slab":2,"stat.useItem.minecraft.wooden_axe":3,"stat.pickup.minecraft.bone":3,"stat.pickup.vehicle.small_engine":1,"stat.pickup.minecraft.stone_pressure_plate":2,"stat.mineBlock.minecraft.cobblestone":5,"stat.pickup.minecraft.stone_pickaxe":50,"stat.useItem.mw.vss_vintorez":2,"stat.mineBlock.srparasites.gore":27,"stat.mineBlock.minecraft.stained_glass_pane":3,"stat.pickup.mw.sulfurdust":384,"stat.swimOneCm":28896,"stat.climbOneCm":9092,"stat.mineBlock.mw.sulfurore":7,"stat.drop.minecraft.cobblestone":9,"stat.useItem.minecraft.dirt":152,"stat.useItem.minecraft.stone_slab2":56,"stat.craftItem.minecraft.furnace":3,"stat.useItem.minecraft.egg":1,"stat.craftItem.minecraft.iron_boots":1,"stat.pickup.minecraft.anvil":1,"stat.craftItem.minecraft.stone_pickaxe":1,"stat.pickup.minecraft.cobblestone":215,"stat.pickup.mw.bullet45acp":32,"stat.flyOneCm":919476,"stat.craftItem.minecraft.glass_bottle":12,"stat.pickup.minecraft.sandstone":100,"stat.pickup.minecraft.glass_bottle":129,"stat.drop.minecraft.wheat_seeds":11,"stat.useItem.minecraft.cooked_beef":4,"stat.pickup.vehicle.wheel":1,"stat.mineBlock.mw.tinore":10,"stat.mineBlock.minecraft.iron_ore":37,"stat.timeSinceDeath":1359,"stat.drop.minecraft.spider_eye":1,"stat.pickup.minecraft.mutton":4,"stat.pickup.travelersbackpack.travelers_backpack":55,"stat.pickup.minecraft.stonebrick":4,"stat.drop.minecraft.dirt":16,"stat.mineBlock.minecraft.coal_ore":141,"stat.pickup.minecraft.shield":4,"stat.pickup.minecraft.string":23,"stat.entityKilledBy.Skeleton":1,"stat.craftItem.minecraft.stone_slab2":0,"stat.sprintOneCm":299605,"stat.mineBlock.minecraft.stone_slab":1,"stat.craftItem.minecraft.stick":24,"stat.craftItem.minecraft.wooden_axe":1,"stat.useItem.minecraft.stone_slab":1,"stat.useItem.minecraft.stone_pressure_plate":1,"stat.useItem.minecraft.diamond_pickaxe":377,"stat.entityKilledBy.Creeper":3,"stat.mineBlock.minecraft.planks":2,"stat.drop":79,"stat.useItem.minecraft.wooden_sword":48,"stat.killEntity.Sheep":2,"stat.pickup.minecraft.slime_ball":132,"stat.craftItem.minecraft.diamond_pickaxe":1,"stat.killEntity.Zombie":30,"stat.craftItem.forge.bucketfilled":10,"stat.diveOneCm":19715,"stat.pickup.minecraft.gravel":2,"stat.useItem.minecraft.glass_bottle":12,"stat.mineBlock.minecraft.anvil":1,"stat.pickup.firstaid.plaster":5,"stat.entityKilledBy.Pig":1,"stat.jump":3169,"stat.pickup.minecraft.fence":2,"stat.pickup.minecraft.coal":165,"stat.pickup.minecraft.iron_ingot":22,"stat.drop.minecraft.wooden_sword":1,"stat.pickup.minecraft.gunpowder":406,"stat.pickup.minecraft.spider_eye":43,"stat.craftItem.minecraft.torch":16,"stat.pickup.minecraft.dirt":11813,"stat.craftItem.minecraft.iron_helmet":1,"stat.mineBlock.mw.leadore":2,"stat.killEntity.bandit1":1,"stat.pickup.minecraft.iron_ore":37,"stat.mineBlock.minecraft.iron_bars":2,"stat.mineBlock.minecraft.glass_pane":3,"stat.damageTaken":13826,"stat.pickup.minecraft.leather":22,"stat.mineBlock.minecraft.furnace":1,"stat.mineBlock.minecraft.torch":19,"stat.killEntity.tconstruct.blueslime":29,"stat.useItem.minecraft.wooden_pickaxe":14,"stat.pickup.srparasites.assimilated_flesh":406,"stat.pickup.minecraft.log2":10,"stat.pickup.minecraft.reeds":12,"stat.pickup.minecraft.bed":10,"stat.useItem.forge.bucketfilled":12,"stat.pickup.minecraft.potato":3,"stat.entityKilledBy.Zombie":5,"stat.damageDealt":9921,"stat.craftItem.minecraft.glass":32,"stat.sleepInBed":1,"stat.killEntity.Cow":2,"stat.killEntity.Pig":6,"stat.craftItem.minecraft.iron_sword":1,"stat.walkOneCm":732836,"stat.playerKills":2,"stat.pickup.minecraft.stick":3,"stat.pickup.mw.vssvintorezmag_2":3,"stat.pickup.minecraft.tnt":9,"stat.pickup.minecraft.stone":63,"stat.craftItem.minecraft.iron_chestplate":1,"stat.drop.minecraft.potato":3,"stat.useItem.minecraft.stained_hardened_clay":6,"stat.drop.srparasites.assimilated_flesh":2,"stat.mineBlock.minecraft.tnt":10,"stat.killEntity.Chicken":1,"stat.killEntity.Spider":5,"stat.mobKills":105,"stat.entityKilledBy.Husk":1,"stat.pickup.minecraft.diamond":3,"stat.pickup.minecraft.torch":17,"stat.mineBlock.cqrepoured.force_field_nexus":1,"stat.drop.tconstruct.book":1,"stat.mineBlock.minecraft.stone":202,"stat.useItem.minecraft.sandstone":60}