{"stat.pickup.tconstruct.book":2,"stat.pickup.minecraft.bone":3,"stat.pickup.minecraft.stone_pressure_plate":1,"stat.leaveGame":4,"stat.mineBlock.minecraft.cobblestone":1,"stat.mineBlock.srparasites.gore":1,"stat.mineBlock.minecraft.sandstone":22,"stat.mineBlock.minecraft.stained_glass_pane":2,"stat.swimOneCm":18526,"stat.climbOneCm":4393,"stat.useItem.minecraft.planks":3,"stat.pickup.firstaid.bandage":24,"stat.pickup.minecraft.porkchop":21,"stat.useItem.minecraft.dirt":66,"stat.useItem.minecraft.stone_slab2":22,"stat.entityKilledBy.bandit1":9,"stat.useItem.minecraft.water_bucket":15,"stat.pickup.minecraft.rotten_flesh":14,"stat.pickup.minecraft.sand":9,"stat.craftItem.minecraft.furnace":1,"stat.entityKilledBy.Spider":1,"stat.craftItem.minecraft.stone_pickaxe":1,"stat.pickup.minecraft.cobblestone":31,"stat.craftItem.minecraft.stone_sword":1,"stat.flyOneCm":177676,"stat.pickup.minecraft.sandstone":37,"stat.mineBlock.minecraft.sand":11,"stat.useItem.minecraft.cooked_beef":2,"stat.mineBlock.minecraft.iron_ore":7,"stat.timeSinceDeath":0,"stat.pickup.minecraft.stained_hardened_clay":12,"stat.craftItem.minecraft.wooden_pickaxe":1,"stat.pickup.minecraft.double_plant":18,"stat.trappedChestTriggered":13,"stat.pickup.travelersbackpack.travelers_backpack":1,"stat.pickup.minecraft.stonebrick":3,"stat.furnaceInteraction":14,"stat.killEntity.ZombieVillager":1,"stat.mineBlock.minecraft.coal_ore":29,"stat.pickup.minecraft.string":5,"stat.pickup.mw.vss_vintorez":1,"stat.useItem.minecraft.double_plant":11,"stat.pickup.minecraft.furnace":1,"stat.craftItem.minecraft.stone_slab2":0,"stat.mineBlock.minecraft.stained_hardened_clay":1,"stat.sprintOneCm":173059,"stat.mineBlock.minecraft.stone_slab":1,"stat.craftItem.minecraft.stick":12,"stat.craftItem.minecraft.wooden_axe":1,"stat.useItem.minecraft.stone_slab":1,"stat.pickup.minecraft.saddle":1,"stat.entityKilledBy.Creeper":2,"stat.deaths":24,"stat.mineBlock.minecraft.planks":1,"stat.drop":11,"stat.playOneMinute":84645,"stat.useItem.minecraft.wooden_sword":48,"stat.mineBlock.minecraft.stone_pressure_plate":1,"stat.killEntity.Zombie":15,"stat.mineBlock.minecraft.tallgrass":44,"stat.craftItem.forge.bucketfilled":6,"stat.diveOneCm":11164,"stat.chestOpened":14,"stat.pickup.minecraft.gravel":2,"stat.entityKilledBy.Pig":1,"stat.jump":1213,"stat.pickup.minecraft.coal":50,"stat.fallOneCm":27672,"stat.drop.minecraft.wooden_sword":1,"stat.pickup.minecraft.gunpowder":11,"stat.crouchOneCm":1680,"stat.pickup.minecraft.spider_eye":3,"stat.craftItem.minecraft.chest":1,"stat.pickup.minecraft.dirt":155,"stat.craftingTableInteraction":15,"stat.pickup.minecraft.iron_ore":7,"stat.mineBlock.minecraft.log2":10,"stat.damageTaken":6072,"stat.useItem.minecraft.wooden_pickaxe":13,"stat.pickup.srparasites.assimilated_flesh":1,"stat.craftItem.minecraft.wooden_sword":2,"stat.pickup.minecraft.log2":10,"stat.pickup.minecraft.planks":1,"stat.pickup.minecraft.reeds":12,"stat.pickup.minecraft.bed":5,"stat.pickup.minecraft.wheat_seeds":12,"stat.useItem.forge.bucketfilled":6,"stat.entityKilledBy.Zombie":3,"stat.useItem.minecraft.stone_pickaxe":77,"stat.useItem.minecraft.stone_sword":52,"stat.damageDealt":3377,"stat.craftItem.minecraft.glass":2,"stat.mineBlock.minecraft.dirt":43,"stat.killEntity.Pig":5,"stat.pickup.mw.remington870":1,"stat.walkOneCm":255468,"stat.playerKills":1,"stat.pickup.minecraft.stick":3,"stat.useItem.minecraft.cobblestone":16,"stat.craftItem.minecraft.crafting_table":1,"stat.useItem.minecraft.gravel":1,"stat.mineBlock.minecraft.double_plant":21,"stat.pickup.minecraft.log":6,"stat.drop.minecraft.planks":9,"stat.pickup.minecraft.stone":1,"stat.useItem.minecraft.stained_hardened_clay":5,"stat.pickup.minecraft.sapling":1,"stat.mineBlock.minecraft.tnt":1,"stat.craftItem.minecraft.planks":32,"stat.killEntity.Spider":4,"stat.mobKills":26,"stat.useItem.minecraft.stonebrick":2,"stat.mineBlock.minecraft.log":6,"stat.pickup.minecraft.diamond":3,"stat.sneakTime":1009,"stat.pickup.minecraft.stone_slab":2,"stat.useItem.minecraft.wooden_axe":2,"stat.drop.tconstruct.book":1,"stat.mineBlock.minecraft.stone":19,"stat.useItem.minecraft.sandstone":23}