{"stat.pickup.tconstruct.book":2,"stat.pickup.minecraft.bone":3,"stat.pickup.minecraft.stone_pressure_plate":2,"stat.leaveGame":7,"stat.mineBlock.minecraft.cobblestone":1,"stat.mineBlock.srparasites.gore":1,"stat.mineBlock.minecraft.sandstone":33,"stat.mineBlock.minecraft.stained_glass_pane":3,"stat.swimOneCm":21024,"stat.climbOneCm":4393,"stat.useItem.minecraft.planks":5,"stat.pickup.firstaid.bandage":24,"stat.pickup.minecraft.porkchop":21,"stat.useItem.minecraft.dirt":85,"stat.useItem.minecraft.stone_slab2":31,"stat.entityKilledBy.bandit1":11,"stat.useItem.minecraft.water_bucket":18,"stat.pickup.minecraft.rotten_flesh":14,"stat.pickup.minecraft.sand":15,"stat.craftItem.minecraft.furnace":2,"stat.entityKilledBy.Spider":1,"stat.craftItem.minecraft.iron_boots":1,"stat.craftItem.minecraft.stone_pickaxe":1,"stat.pickup.minecraft.cobblestone":42,"stat.craftItem.minecraft.stone_sword":1,"stat.flyOneCm":200501,"stat.pickup.minecraft.sandstone":65,"stat.mineBlock.minecraft.sand":11,"stat.useItem.minecraft.cooked_beef":3,"stat.mineBlock.minecraft.iron_ore":7,"stat.timeSinceDeath":491,"stat.pickup.minecraft.stained_hardened_clay":14,"stat.craftItem.minecraft.wooden_pickaxe":1,"stat.pickup.minecraft.double_plant":18,"stat.trappedChestTriggered":13,"stat.pickup.travelersbackpack.travelers_backpack":1,"stat.pickup.minecraft.stonebrick":4,"stat.furnaceInteraction":17,"stat.killEntity.ZombieVillager":1,"stat.mineBlock.minecraft.coal_ore":29,"stat.pickup.minecraft.string":5,"stat.pickup.mw.vss_vintorez":1,"stat.useItem.minecraft.double_plant":11,"stat.pickup.minecraft.furnace":1,"stat.craftItem.minecraft.stone_slab2":0,"stat.mineBlock.minecraft.stained_hardened_clay":3,"stat.sprintOneCm":207567,"stat.mineBlock.minecraft.stone_slab":1,"stat.craftItem.minecraft.stick":16,"stat.craftItem.minecraft.wooden_axe":1,"stat.useItem.mw.bullet45acp":1,"stat.useItem.minecraft.stone_slab":1,"stat.useItem.minecraft.diamond_pickaxe":9,"stat.pickup.minecraft.saddle":1,"stat.entityKilledBy.Creeper":3,"stat.deaths":29,"stat.mineBlock.minecraft.planks":2,"stat.drop":12,"stat.playOneMinute":104247,"stat.useItem.minecraft.wooden_sword":48,"stat.mineBlock.minecraft.stone_pressure_plate":2,"stat.craftItem.minecraft.diamond_pickaxe":1,"stat.killEntity.Zombie":17,"stat.pickup.minecraft.iron_bars":2,"stat.mineBlock.minecraft.tallgrass":44,"stat.craftItem.forge.bucketfilled":6,"stat.diveOneCm":12038,"stat.chestOpened":18,"stat.pickup.minecraft.gravel":2,"stat.entityKilledBy.Pig":1,"stat.jump":1420,"stat.pickup.minecraft.fence":2,"stat.pickup.minecraft.coal":50,"stat.fallOneCm":33890,"stat.drop.minecraft.stone_sword":1,"stat.drop.minecraft.wooden_sword":1,"stat.pickup.minecraft.gunpowder":11,"stat.crouchOneCm":1943,"stat.pickup.minecraft.spider_eye":3,"stat.craftItem.minecraft.chest":1,"stat.craftItem.minecraft.iron_ingot":7,"stat.pickup.minecraft.dirt":172,"stat.craftItem.minecraft.iron_helmet":1,"stat.craftingTableInteraction":19,"stat.pickup.minecraft.iron_ore":7,"stat.mineBlock.minecraft.iron_bars":2,"stat.mineBlock.minecraft.glass_pane":3,"stat.mineBlock.minecraft.log2":10,"stat.damageTaken":7239,"stat.useItem.minecraft.wooden_pickaxe":13,"stat.pickup.srparasites.assimilated_flesh":1,"stat.craftItem.minecraft.wooden_sword":2,"stat.pickup.minecraft.log2":10,"stat.pickup.minecraft.planks":1,"stat.pickup.minecraft.reeds":12,"stat.pickup.minecraft.bed":5,"stat.pickup.minecraft.wheat_seeds":12,"stat.useItem.forge.bucketfilled":8,"stat.entityKilledBy.Zombie":4,"stat.useItem.minecraft.stone_pickaxe":119,"stat.useItem.minecraft.stone_sword":52,"stat.damageDealt":3776,"stat.craftItem.minecraft.glass":2,"stat.mineBlock.minecraft.dirt":55,"stat.killEntity.Pig":5,"stat.pickup.mw.remington870":1,"stat.walkOneCm":289774,"stat.playerKills":1,"stat.pickup.minecraft.stick":3,"stat.useItem.minecraft.cobblestone":17,"stat.craftItem.minecraft.crafting_table":2,"stat.useItem.minecraft.gravel":1,"stat.mineBlock.minecraft.double_plant":21,"stat.pickup.minecraft.log":6,"stat.pickup.minecraft.tnt":9,"stat.drop.minecraft.planks":9,"stat.pickup.minecraft.stone":1,"stat.useItem.minecraft.stained_hardened_clay":6,"stat.pickup.minecraft.sapling":1,"stat.mineBlock.minecraft.tnt":10,"stat.craftItem.minecraft.planks":56,"stat.killEntity.Spider":4,"stat.mobKills":28,"stat.useItem.minecraft.stonebrick":2,"stat.mineBlock.minecraft.log":6,"stat.entityKilledBy.Husk":1,"stat.pickup.minecraft.diamond":3,"stat.sneakTime":1136,"stat.pickup.minecraft.stone_slab":2,"stat.useItem.minecraft.wooden_axe":2,"stat.drop.tconstruct.book":1,"stat.mineBlock.minecraft.stone":29,"stat.useItem.minecraft.sandstone":56}