{"stat.pickup.tconstruct.book":2,"stat.leaveGame":15,"stat.mineBlock.minecraft.sandstone":33,"stat.useItem.minecraft.planks":5,"stat.pickup.firstaid.bandage":28,"stat.pickup.minecraft.porkchop":21,"stat.entityKilledBy.bandit1":16,"stat.useItem.minecraft.water_bucket":21,"stat.drop.minecraft.iron_sword":1,"stat.pickup.minecraft.rotten_flesh":45,"stat.pickup.minecraft.sand":128,"stat.entityKilledBy.Spider":1,"stat.pickup.mw.leadore":64,"stat.craftItem.minecraft.stone_sword":1,"stat.craftItem.minecraft.iron_shovel":1,"stat.mineBlock.minecraft.sand":119,"stat.craftItem.mw.copperingot":16,"stat.pickup.minecraft.stained_hardened_clay":14,"stat.craftItem.minecraft.wooden_pickaxe":1,"stat.useItem.minecraft.iron_shovel":108,"stat.pickup.minecraft.double_plant":21,"stat.trappedChestTriggered":13,"stat.mineBlock.mw.copperore":15,"stat.furnaceInteraction":73,"stat.killEntity.ZombieVillager":1,"stat.pickup.srparasites.lurecomponent1":2,"stat.pickup.mw.vss_vintorez":1,"stat.useItem.minecraft.double_plant":11,"stat.pickup.toughasnails.campfire":27,"stat.pickup.minecraft.furnace":2,"stat.mineBlock.minecraft.stained_hardened_clay":3,"stat.useItem.minecraft.fence":1,"stat.useItem.mw.bullet45acp":1,"stat.pickup.minecraft.stone_stairs":1,"stat.craftItem.toughasnails.purified_water_bottle":12,"stat.pickup.minecraft.potion":26,"stat.killEntity.Husk":5,"stat.pickup.minecraft.saddle":1,"stat.deaths":36,"stat.playOneMinute":157710,"stat.mineBlock.minecraft.stone_pressure_plate":2,"stat.pickup.minecraft.iron_bars":2,"stat.mineBlock.minecraft.tallgrass":44,"stat.craftItem.minecraft.cooked_mutton":4,"stat.chestOpened":18,"stat.drop.srparasites.lurecomponent1":1,"stat.drop.toughasnails.purified_water_bottle":3,"stat.useItem.minecraft.stone":3,"stat.pickup.minecraft.iron_sword":1,"stat.pickup.mw.p2022":1,"stat.fallOneCm":49065,"stat.drop.minecraft.stone":5,"stat.drop.minecraft.stone_sword":1,"stat.crouchOneCm":2457,"stat.craftItem.minecraft.chest":1,"stat.craftItem.minecraft.iron_ingot":24,"stat.craftingTableInteraction":27,"stat.mineBlock.minecraft.log2":10,"stat.craftItem.minecraft.wooden_sword":2,"stat.pickup.minecraft.planks":3,"stat.pickup.minecraft.wheat_seeds":24,"stat.useItem.minecraft.stone_pickaxe":119,"stat.useItem.minecraft.stone_sword":52,"stat.craftItem.minecraft.iron_leggings":1,"stat.mineBlock.minecraft.dirt":72,"stat.pickup.mw.remington870":1,"stat.useItem.minecraft.torch":21,"stat.pickup.mw.copperore":117,"stat.drop.minecraft.rotten_flesh":5,"stat.useItem.minecraft.log":2,"stat.useItem.minecraft.cobblestone":29,"stat.craftItem.minecraft.crafting_table":3,"stat.useItem.minecraft.gravel":1,"stat.mineBlock.minecraft.double_plant":21,"stat.pickup.minecraft.log":17,"stat.drop.minecraft.planks":9,"stat.pickup.minecraft.sapling":16,"stat.craftItem.minecraft.planks":80,"stat.useItem.minecraft.iron_sword":88,"stat.pickup.mw.tinore":10,"stat.useItem.minecraft.stonebrick":2,"stat.mineBlock.minecraft.log":6,"stat.sneakTime":1487,"stat.pickup.minecraft.wool":4,"stat.pickup.minecraft.stone_slab":2,"stat.useItem.minecraft.wooden_axe":2,"stat.pickup.minecraft.bone":3,"stat.pickup.vehicle.small_engine":1,"stat.pickup.minecraft.stone_pressure_plate":2,"stat.mineBlock.minecraft.cobblestone":5,"stat.mineBlock.srparasites.gore":7,"stat.mineBlock.minecraft.stained_glass_pane":3,"stat.pickup.mw.sulfurdust":384,"stat.swimOneCm":24907,"stat.climbOneCm":4393,"stat.mineBlock.mw.sulfurore":7,"stat.drop.minecraft.cobblestone":9,"stat.useItem.minecraft.dirt":125,"stat.useItem.minecraft.stone_slab2":41,"stat.craftItem.minecraft.furnace":3,"stat.craftItem.minecraft.iron_boots":1,"stat.craftItem.minecraft.stone_pickaxe":1,"stat.pickup.minecraft.cobblestone":214,"stat.flyOneCm":257043,"stat.craftItem.minecraft.glass_bottle":12,"stat.pickup.minecraft.sandstone":100,"stat.drop.minecraft.wheat_seeds":10,"stat.useItem.minecraft.cooked_beef":4,"stat.pickup.vehicle.wheel":1,"stat.mineBlock.mw.tinore":10,"stat.mineBlock.minecraft.iron_ore":37,"stat.timeSinceDeath":1609,"stat.pickup.minecraft.mutton":4,"stat.pickup.travelersbackpack.travelers_backpack":1,"stat.pickup.minecraft.stonebrick":4,"stat.mineBlock.minecraft.coal_ore":141,"stat.pickup.minecraft.shield":2,"stat.pickup.minecraft.string":21,"stat.craftItem.minecraft.stone_slab2":0,"stat.sprintOneCm":260900,"stat.mineBlock.minecraft.stone_slab":1,"stat.craftItem.minecraft.stick":24,"stat.craftItem.minecraft.wooden_axe":1,"stat.useItem.minecraft.stone_slab":1,"stat.useItem.minecraft.stone_pressure_plate":1,"stat.useItem.minecraft.diamond_pickaxe":374,"stat.entityKilledBy.Creeper":3,"stat.mineBlock.minecraft.planks":2,"stat.drop":47,"stat.useItem.minecraft.wooden_sword":48,"stat.killEntity.Sheep":2,"stat.craftItem.minecraft.diamond_pickaxe":1,"stat.killEntity.Zombie":26,"stat.craftItem.forge.bucketfilled":10,"stat.diveOneCm":15880,"stat.pickup.minecraft.gravel":2,"stat.useItem.minecraft.glass_bottle":12,"stat.entityKilledBy.Pig":1,"stat.jump":2061,"stat.pickup.minecraft.fence":2,"stat.pickup.minecraft.coal":165,"stat.pickup.minecraft.iron_ingot":22,"stat.drop.minecraft.wooden_sword":1,"stat.pickup.minecraft.gunpowder":406,"stat.pickup.minecraft.spider_eye":3,"stat.craftItem.minecraft.torch":16,"stat.pickup.minecraft.dirt":260,"stat.craftItem.minecraft.iron_helmet":1,"stat.mineBlock.mw.leadore":2,"stat.pickup.minecraft.iron_ore":37,"stat.mineBlock.minecraft.iron_bars":2,"stat.mineBlock.minecraft.glass_pane":3,"stat.damageTaken":8746,"stat.mineBlock.minecraft.furnace":1,"stat.mineBlock.minecraft.torch":19,"stat.useItem.minecraft.wooden_pickaxe":13,"stat.pickup.srparasites.assimilated_flesh":269,"stat.pickup.minecraft.log2":10,"stat.pickup.minecraft.reeds":12,"stat.pickup.minecraft.bed":5,"stat.useItem.forge.bucketfilled":12,"stat.entityKilledBy.Zombie":4,"stat.damageDealt":7337,"stat.craftItem.minecraft.glass":32,"stat.killEntity.Pig":5,"stat.craftItem.minecraft.iron_sword":1,"stat.walkOneCm":457097,"stat.playerKills":1,"stat.pickup.minecraft.stick":3,"stat.pickup.minecraft.tnt":9,"stat.pickup.minecraft.stone":63,"stat.craftItem.minecraft.iron_chestplate":1,"stat.useItem.minecraft.stained_hardened_clay":6,"stat.drop.srparasites.assimilated_flesh":1,"stat.mineBlock.minecraft.tnt":10,"stat.killEntity.Spider":4,"stat.mobKills":53,"stat.entityKilledBy.Husk":1,"stat.pickup.minecraft.diamond":3,"stat.pickup.minecraft.torch":17,"stat.drop.tconstruct.book":1,"stat.mineBlock.minecraft.stone":202,"stat.useItem.minecraft.sandstone":60}