{"stat.walkOneCm":27343,"stat.craftItem.minecraft.planks":44,"stat.leaveGame":2,"stat.drop.mw.bullet45acp":32,"stat.damageTaken":734,"stat.pickup.mw.p2022":2,"stat.mineBlock.minecraft.log":12,"stat.pickup.mw.p2022mag":2,"stat.pickup.minecraft.planks":1,"stat.pickup.mw.bullet45acp":64,"stat.pickup.minecraft.log":12,"stat.drop.mw.m9mag_2":2,"stat.flyOneCm":6621,"stat.deaths":3,"stat.mineBlock.minecraft.planks":1,"stat.drop":35,"stat.jump":115,"stat.pickup.mw.m9mag_2":2,"stat.playOneMinute":8052,"stat.fallOneCm":2619,"stat.useItem.minecraft.planks":12,"stat.sneakTime":71,"stat.pickup.firstaid.bandage":16,"stat.damageDealt":24,"stat.crouchOneCm":259,"stat.timeSinceDeath":5441,"stat.useItem.mw.m9mag_2":1,"stat.pickup.minecraft.sapling":1,"stat.sprintOneCm":4590,"stat.drop.mw.p2022":1,"stat.craftItem.minecraft.wooden_pickaxe":1,"stat.pickup.minecraft.cooked_beef":32,"stat.craftItem.minecraft.stick":4,"stat.craftItem.minecraft.wooden_axe":1,"stat.craftingTableInteraction":1}