{"stat.walkOneCm":68020,"stat.useItem.minecraft.torch":3,"stat.pickup.minecraft.stick":3,"stat.drop.minecraft.wooden_pickaxe":1,"stat.leaveGame":2,"stat.drop.mw.bullet45acp":32,"stat.drop.minecraft.rotten_flesh":18,"stat.mineBlock.minecraft.cobblestone":19,"stat.pickup.toughasnails.purified_water_bottle":3,"stat.useItem.minecraft.glass_bottle":1,"stat.useItem.minecraft.cobblestone":4,"stat.pickup.minecraft.stone_pickaxe":1,"stat.furnaceInteraction":8,"stat.craftItem.minecraft.crafting_table":1,"stat.pickup.mw.p2022":2,"stat.pickup.minecraft.log":17,"stat.drop.mw.m9mag_2":2,"stat.jump":284,"stat.pickup.mw.m9mag_2":2,"stat.swimOneCm":874,"stat.pickup.minecraft.iron_helmet":1,"stat.pickup.minecraft.coal":6,"stat.fallOneCm":5452,"stat.useItem.minecraft.planks":12,"stat.pickup.firstaid.bandage":16,"stat.pickup.minecraft.stone":42,"stat.crouchOneCm":393,"stat.craftItem.minecraft.torch":4,"stat.craftItem.minecraft.iron_ingot":11,"stat.pickup.minecraft.sapling":4,"stat.sprintOneCm":14507,"stat.useItem.minecraft.stone_slab2":6,"stat.pickup.minecraft.iron_chestplate":1,"stat.drop.mw.p2022":1,"stat.pickup.minecraft.cooked_beef":32,"stat.craftItem.minecraft.stick":8,"stat.craftItem.minecraft.wooden_axe":1,"stat.craftingTableInteraction":6,"stat.pickup.minecraft.iron_ore":11,"stat.pickup.minecraft.rotten_flesh":18,"stat.craftItem.minecraft.furnace":2,"stat.useItem.minecraft.sapling":2,"stat.craftItem.minecraft.planks":68,"stat.pickup.minecraft.stone_stairs":1,"stat.craftItem.toughasnails.purified_water_bottle":1,"stat.damageTaken":852,"stat.craftItem.minecraft.stone_pickaxe":1,"stat.useItem.minecraft.wooden_pickaxe":15,"stat.pickup.minecraft.cobblestone":104,"stat.mineBlock.minecraft.log":20,"stat.pickup.mw.p2022mag":2,"stat.pickup.minecraft.planks":1,"stat.pickup.mw.bullet45acp":64,"stat.pickup.minecraft.iron_leggings":1,"stat.flyOneCm":21088,"stat.deaths":4,"stat.mineBlock.minecraft.planks":1,"stat.drop":55,"stat.playOneMinute":20652,"stat.useItem.minecraft.stone_pickaxe":116,"stat.sneakTime":88,"stat.damageDealt":26,"stat.craftItem.minecraft.glass":2,"stat.mineBlock.minecraft.iron_ore":11,"stat.timeSinceDeath":1033,"stat.useItem.mw.m9mag_2":1,"stat.useItem.minecraft.wooden_axe":8,"stat.craftItem.minecraft.wooden_pickaxe":1,"stat.mineBlock.minecraft.stone":101,"stat.mineBlock.minecraft.tallgrass":1,"stat.drop.minecraft.wooden_axe":1}