{"stat.walkOneCm":108085,"stat.drop.srparasites.lurecomponent1":2,"stat.useItem.minecraft.torch":7,"stat.pickup.minecraft.stick":3,"stat.drop.minecraft.wooden_pickaxe":1,"stat.leaveGame":3,"stat.drop.mw.bullet45acp":32,"stat.drop.minecraft.rotten_flesh":18,"stat.mineBlock.minecraft.cobblestone":19,"stat.pickup.toughasnails.purified_water_bottle":3,"stat.useItem.minecraft.glass_bottle":1,"stat.useItem.minecraft.cobblestone":5,"stat.pickup.minecraft.stone_pickaxe":1,"stat.furnaceInteraction":9,"stat.craftItem.minecraft.crafting_table":1,"stat.pickup.mw.p2022":2,"stat.mineBlock.minecraft.double_plant":1,"stat.mineBlock.minecraft.deadbush":1,"stat.mineBlock.minecraft.coal_ore":15,"stat.mineBlock.srparasites.gore":3,"stat.pickup.srparasites.lurecomponent1":2,"stat.drop.minecraft.shield":1,"stat.pickup.minecraft.log":17,"stat.drop.mw.m9mag_2":2,"stat.jump":529,"stat.pickup.mw.m9mag_2":2,"stat.swimOneCm":874,"stat.pickup.minecraft.iron_helmet":1,"stat.pickup.minecraft.coal":21,"stat.fallOneCm":12059,"stat.useItem.minecraft.planks":12,"stat.craftItem.minecraft.shield":2,"stat.pickup.firstaid.bandage":16,"stat.pickup.minecraft.stone":42,"stat.crouchOneCm":804,"stat.craftItem.minecraft.torch":4,"stat.craftItem.minecraft.iron_ingot":11,"stat.pickup.minecraft.sapling":4,"stat.sprintOneCm":41365,"stat.useItem.minecraft.stone_slab2":8,"stat.pickup.minecraft.iron_chestplate":1,"stat.drop.mw.p2022":1,"stat.pickup.minecraft.cooked_beef":32,"stat.drop.srparasites.assimilated_flesh":2,"stat.craftItem.minecraft.stick":8,"stat.craftItem.minecraft.wooden_axe":1,"stat.craftingTableInteraction":9,"stat.pickup.minecraft.iron_ore":11,"stat.pickup.minecraft.rotten_flesh":18,"stat.pickup.minecraft.sand":1,"stat.craftItem.minecraft.furnace":2,"stat.useItem.minecraft.sapling":2,"stat.craftItem.minecraft.planks":68,"stat.pickup.minecraft.stone_stairs":1,"stat.craftItem.toughasnails.purified_water_bottle":1,"stat.damageTaken":1958,"stat.craftItem.minecraft.stone_pickaxe":1,"stat.useItem.minecraft.wooden_pickaxe":15,"stat.pickup.minecraft.cobblestone":113,"stat.pickup.srparasites.assimilated_flesh":2,"stat.mineBlock.minecraft.log":20,"stat.pickup.mw.p2022mag":2,"stat.pickup.minecraft.planks":1,"stat.pickup.mw.bullet45acp":64,"stat.pickup.minecraft.iron_leggings":1,"stat.flyOneCm":63425,"stat.deaths":9,"stat.mineBlock.minecraft.planks":1,"stat.pickup.minecraft.sandstone":6,"stat.drop":61,"stat.pickup.minecraft.wheat_seeds":3,"stat.mineBlock.minecraft.sand":3,"stat.playOneMinute":31541,"stat.drop.minecraft.wheat_seeds":1,"stat.pickup.minecraft.torch":4,"stat.useItem.minecraft.stone_pickaxe":116,"stat.sneakTime":138,"stat.craftItem.minecraft.iron_pickaxe":1,"stat.damageDealt":34,"stat.craftItem.minecraft.glass":2,"stat.mineBlock.minecraft.iron_ore":11,"stat.timeSinceDeath":0,"stat.useItem.mw.m9mag_2":1,"stat.useItem.minecraft.wooden_axe":8,"stat.useItem.minecraft.iron_pickaxe":27,"stat.craftItem.minecraft.wooden_pickaxe":1,"stat.mineBlock.minecraft.stone":113,"stat.mineBlock.minecraft.tallgrass":8,"stat.drop.minecraft.wooden_axe":1,"stat.useItem.minecraft.sandstone":5}