{"stat.chestOpened":2,"stat.walkOneCm":28523,"stat.leaveGame":3,"stat.mineBlock.srparasites.gore":1,"stat.pickup.minecraft.log":5,"stat.jump":301,"stat.swimOneCm":165,"stat.fallOneCm":7347,"stat.pickup.minecraft.dirt":4,"stat.pickup.minecraft.wooden_door":1,"stat.sprintOneCm":29009,"stat.useItem.minecraft.stone_slab2":1,"stat.entityKilledBy.bandit1":4,"stat.craftItem.minecraft.planks":20,"stat.useItem.minecraft.egg":3,"stat.damageTaken":953,"stat.mineBlock.minecraft.log":5,"stat.flyOneCm":73791,"stat.deaths":6,"stat.pickup.minecraft.wheat_seeds":12,"stat.pickup.minecraft.egg":3,"stat.pickup.minecraft.potato":3,"stat.playOneMinute":11323,"stat.damageDealt":23,"stat.timeSinceDeath":3537,"stat.mineBlock.minecraft.tallgrass":2,"stat.pickup.minecraft.wheat":3}