{"stat.chestOpened":2,"stat.walkOneCm":33383,"stat.leaveGame":4,"stat.pickup.minecraft.crafting_table":1,"stat.craftItem.minecraft.crafting_table":1,"stat.mineBlock.srparasites.gore":1,"stat.pickup.minecraft.log":10,"stat.jump":344,"stat.swimOneCm":165,"stat.fallOneCm":8601,"stat.pickup.minecraft.dirt":4,"stat.pickup.minecraft.wooden_door":1,"stat.sprintOneCm":38228,"stat.useItem.minecraft.stone_slab2":2,"stat.entityKilledBy.bandit1":4,"stat.craftItem.minecraft.stick":4,"stat.craftItem.minecraft.wooden_axe":1,"stat.craftingTableInteraction":1,"stat.craftItem.minecraft.planks":40,"stat.useItem.minecraft.egg":3,"stat.damageTaken":953,"stat.mineBlock.minecraft.crafting_table":1,"stat.mineBlock.minecraft.log":10,"stat.flyOneCm":85888,"stat.deaths":6,"stat.pickup.minecraft.wheat_seeds":13,"stat.pickup.minecraft.egg":3,"stat.pickup.minecraft.potato":3,"stat.playOneMinute":13648,"stat.damageDealt":23,"stat.timeSinceDeath":5862,"stat.useItem.minecraft.wooden_axe":1,"stat.craftItem.minecraft.wooden_pickaxe":1,"stat.mineBlock.minecraft.tallgrass":4,"stat.pickup.minecraft.wheat":3}