{"stat.chestOpened":2,"stat.walkOneCm":48483,"stat.leaveGame":7,"stat.pickup.minecraft.crafting_table":1,"stat.craftItem.minecraft.crafting_table":1,"stat.mineBlock.srparasites.gore":4,"stat.pickup.minecraft.log":10,"stat.jump":526,"stat.swimOneCm":165,"stat.fallOneCm":12280,"stat.pickup.minecraft.dirt":6,"stat.pickup.minecraft.wooden_door":1,"stat.sprintOneCm":55854,"stat.useItem.minecraft.stone_slab2":2,"stat.entityKilledBy.bandit1":4,"stat.craftItem.minecraft.stick":4,"stat.craftItem.minecraft.wooden_axe":1,"stat.craftingTableInteraction":1,"stat.craftItem.minecraft.planks":40,"stat.useItem.minecraft.egg":3,"stat.damageTaken":2314,"stat.mineBlock.minecraft.crafting_table":1,"stat.mobKills":8,"stat.pickup.srparasites.assimilated_flesh":2,"stat.mineBlock.minecraft.log":10,"stat.flyOneCm":112859,"stat.deaths":15,"stat.pickup.minecraft.wheat_seeds":13,"stat.pickup.minecraft.egg":4,"stat.pickup.minecraft.potato":3,"stat.playOneMinute":19847,"stat.entityKilledBy.Zombie":1,"stat.damageDealt":1288,"stat.timeSinceDeath":0,"stat.useItem.minecraft.wooden_axe":24,"stat.mineBlock.minecraft.dirt":1,"stat.craftItem.minecraft.wooden_pickaxe":1,"stat.mineBlock.minecraft.tallgrass":7,"stat.pickup.minecraft.wheat":3}