{"stat.chestOpened":2,"stat.walkOneCm":43291,"stat.leaveGame":6,"stat.pickup.minecraft.crafting_table":1,"stat.craftItem.minecraft.crafting_table":1,"stat.mineBlock.srparasites.gore":3,"stat.pickup.minecraft.log":10,"stat.jump":454,"stat.swimOneCm":165,"stat.fallOneCm":11024,"stat.pickup.minecraft.dirt":5,"stat.pickup.minecraft.wooden_door":1,"stat.sprintOneCm":46367,"stat.useItem.minecraft.stone_slab2":2,"stat.entityKilledBy.bandit1":4,"stat.craftItem.minecraft.stick":4,"stat.craftItem.minecraft.wooden_axe":1,"stat.craftingTableInteraction":1,"stat.craftItem.minecraft.planks":40,"stat.useItem.minecraft.egg":3,"stat.damageTaken":1493,"stat.mineBlock.minecraft.crafting_table":1,"stat.mobKills":7,"stat.pickup.srparasites.assimilated_flesh":1,"stat.mineBlock.minecraft.log":10,"stat.flyOneCm":97482,"stat.deaths":9,"stat.pickup.minecraft.wheat_seeds":13,"stat.pickup.minecraft.egg":4,"stat.pickup.minecraft.potato":3,"stat.playOneMinute":17737,"stat.entityKilledBy.Zombie":1,"stat.damageDealt":1036,"stat.timeSinceDeath":33,"stat.useItem.minecraft.wooden_axe":21,"stat.mineBlock.minecraft.dirt":1,"stat.craftItem.minecraft.wooden_pickaxe":1,"stat.mineBlock.minecraft.tallgrass":7,"stat.pickup.minecraft.wheat":3}