{"stat.chestOpened":2,"stat.walkOneCm":28115,"stat.craftItem.minecraft.planks":20,"stat.useItem.minecraft.egg":3,"stat.leaveGame":1,"stat.damageTaken":953,"stat.mineBlock.srparasites.gore":1,"stat.mineBlock.minecraft.log":5,"stat.pickup.minecraft.log":5,"stat.flyOneCm":73490,"stat.deaths":6,"stat.pickup.minecraft.wheat_seeds":12,"stat.jump":298,"stat.swimOneCm":165,"stat.pickup.minecraft.egg":3,"stat.pickup.minecraft.potato":3,"stat.playOneMinute":8586,"stat.fallOneCm":7347,"stat.damageDealt":23,"stat.timeSinceDeath":800,"stat.pickup.minecraft.dirt":4,"stat.pickup.minecraft.wooden_door":1,"stat.sprintOneCm":28696,"stat.useItem.minecraft.stone_slab2":1,"stat.mineBlock.minecraft.tallgrass":2,"stat.entityKilledBy.bandit1":4,"stat.pickup.minecraft.wheat":3}