{
  "minecraft:recipes/building_blocks/oak_planks": {
    "criteria": {
      "has_log": "2024-07-30 03:19:00 +0000"
    },
    "done": true
  },
  "minecraft:husbandry/balanced_diet": {
    "criteria": {
      "cooked_beef": "2024-07-30 03:41:22 +0000"
    },
    "done": false
  },
  "minecraft:husbandry/root": {
    "criteria": {
      "consumed_item": "2024-07-30 03:35:37 +0000"
    },
    "done": true
  },
  "minecraft:recipes/decorations/chest": {
    "criteria": {
      "has_lots_of_items": "2024-07-30 03:40:28 +0000"
    },
    "done": true
  },
  "minecraft:adventure/adventuring_time": {
    "criteria": {
      "plains": "2024-07-30 03:18:32 +0000",
      "river": "2024-07-30 03:18:43 +0000",
      "desert": "2024-07-30 03:18:22 +0000"
    },
    "done": false
  },
  "cqrepoured:cqr/root": {
    "criteria": {
      "tick": "2024-07-30 03:18:22 +0000"
    },
    "done": true
  }
}