{
  "minecraft:adventure/root": {
    "criteria": {
      "killed_by_something": "2024-08-02 22:08:53 +0000"
    },
    "done": true
  },
  "minecraft:adventure/adventuring_time": {
    "criteria": {
      "plains": "2024-08-02 22:08:36 +0000",
      "desert": "2024-08-02 22:09:24 +0000"
    },
    "done": false
  },
  "cqrepoured:cqr/root": {
    "criteria": {
      "tick": "2024-08-02 22:08:36 +0000"
    },
    "done": true
  },
  "minecraft:story/root": {
    "criteria": {
      "crafting_table": "2024-08-02 23:11:47 +0000"
    },
    "done": true
  }
}